condominio,quartos,suites,vagas,area,bairro,preco,pm2
350,1,0.0,1.0,21,Botafogo,340000,16190.48
800,1,0.0,1.0,64,Botafogo,770000,12031.25
674,1,0.0,1.0,61,Botafogo,600000,9836.07
700,1,1.0,1.0,70,Botafogo,700000,10000.0
440,1,0.0,1.0,44,Botafogo,515000,11704.55
917,1,1.0,1.0,60,Botafogo,630000,10500.0
850,1,1.0,1.0,65,Botafogo,740000,11384.62
350,1,1.0,1.0,43,Botafogo,570000,13255.81
440,1,1.0,1.0,26,Botafogo,430000,16538.46
510,1,1.0,1.0,42,Botafogo,500000,11904.76
200,1,0.0,1.0,35,Botafogo,500000,14285.71
552,1,1.0,1.0,67,Botafogo,790000,11791.04
495,1,1.0,1.0,54,Botafogo,515000,9537.04
340,1,1.0,1.0,40,Botafogo,410000,10250.0
800,1,1.0,1.0,60,Botafogo,625000,10416.67
530,1,0.0,1.0,40,Botafogo,360000,9000.0
500,1,0.0,1.0,47,Botafogo,670000,14255.32
600,1,1.0,1.0,45,Botafogo,500000,11111.11
465,1,0.0,1.0,50,Botafogo,570000,11400.0
1400,1,1.0,1.0,50,Botafogo,570000,11400.0
700,1,1.0,1.0,58,Botafogo,630000,10862.07
250,1,0.0,1.0,40,Botafogo,400000,10000.0
1000,1,1.0,1.0,54,Botafogo,750000,13888.89
280,1,0.0,1.0,65,Botafogo,578000,8892.31
481,1,1.0,1.0,28,Botafogo,350000,12500.0
150,1,0.0,1.0,40,Botafogo,130000,3250.0
1071,1,1.0,1.0,44,Botafogo,597000,13568.18
750,2,1.0,1.0,70,Botafogo,995000,14214.29
992,2,1.0,1.0,105,Botafogo,1150000,10952.38
990,2,1.0,1.0,100,Botafogo,1200000,12000.0
960,2,1.0,1.0,80,Botafogo,980000,12250.0
1200,2,1.0,2.0,68,Botafogo,950000,13970.59
1100,2,2.0,2.0,80,Botafogo,1080000,13500.0
1170,2,1.0,1.0,80,Botafogo,815000,10187.5
1100,2,1.0,1.0,72,Botafogo,930000,12916.6
519,2,1.0,1.0,58,Botafogo,750000,12931.03
750,2,1.0,1.0,86,Botafogo,720000,8372.09
905,2,1.0,1.0,85,Botafogo,1100000,12941.18
600,2,1.0,1.0,70,Botafogo,720000,10285.71
760,2,1.0,1.0,76,Botafogo,890000,11710.53
700,2,1.0,1.0,75,Botafogo,770000,10266.67
860,2,2.0,1.0,76,Botafogo,1050000,13815.79
990,2,1.0,2.0,66,Botafogo,920000,13939.39
520,2,1.0,1.0,75,Botafogo,519000,6920.0
860,2,1.0,1.0,76,Botafogo,980000,12894.74
790,2,1.0,1.0,69,Botafogo,950000,13768.12
1000,2,1.0,1.0,88,Botafogo,995000,11306.82
750,2,1.0,1.0,90,Botafogo,1250000,13888.89
550,2,1.0,1.0,62,Botafogo,675000,10887.1
1100,2,1.0,2.0,84,Botafogo,940000,11190.48
745,2,1.0,1.0,82,Botafogo,879000,10719.51
1400,2,1.0,1.0,75,Botafogo,1300000,17333.33
970,2,1.0,1.0,75,Botafogo,980000,13066.67
1800,2,1.0,1.0,90,Botafogo,1130000,12555.56
968,2,1.0,1.0,80,Botafogo,799000,9987.5
900,2,1.0,1.0,90,Botafogo,980000,10888.89
830,2,1.0,1.0,93,Botafogo,1150000,12365.59
665,2,1.0,1.0,68,Botafogo,885000,13014.71
450,2,1.0,1.0,117,Botafogo,800000,6837.61
720,2,1.0,1.0,85,Botafogo,705000,8294.12
450,2,1.0,1.0,75,Botafogo,810000,10800.0
960,2,1.0,1.0,87,Botafogo,950000,10919.54
450,2,1.0,1.0,68,Botafogo,450000,6617.65
1942,3,1.0,2.0,129,Botafogo,1659000,12860.47
1200,3,1.0,1.0,120,Botafogo,1100000,9166.67
890,3,1.0,2.0,109,Botafogo,950000,8715.6
1400,3,1.0,1.0,94,Botafogo,950000,10106.38
1580,3,1.0,1.0,215,Botafogo,1890000,8790.7
1670,3,1.0,2.0,114,Botafogo,1900000,16666.67
1500,3,1.0,2.0,114,Botafogo,1600000,14035.09
1335,3,1.0,1.0,130,Botafogo,1300000,10000.0
700,3,1.0,1.0,89,Botafogo,850000,9550.56
1350,3,1.0,2.0,135,Botafogo,1625000,12037.04
1000,3,1.0,1.0,83,Botafogo,900000,10843.37
1700,3,1.0,1.0,113,Botafogo,1400000,12389.38
980,3,1.0,1.0,100,Botafogo,950000,9500.0
700,3,1.0,1.0,96,Botafogo,1200000,12500.0
1350,3,1.0,2.0,104,Botafogo,1750000,16826.92
1000,3,1.0,1.0,99,Botafogo,1340000,13535.35
1206,3,1.0,2.0,104,Botafogo,1650000,15865.38
1206,3,1.0,2.0,107,Botafogo,1750000,16355.14
750,3,1.0,1.0,115,Botafogo,1100000,9565.22
1400,3,1.0,2.0,103,Botafogo,1700000,16504.85
1000,3,1.0,1.0,83,Botafogo,900000,10843.37
500,3,1.0,1.0,103,Botafogo,990000,9611.65
1260,3,1.0,2.0,115,Botafogo,1650000,14347.83
1000,3,1.0,1.0,78,Botafogo,1128000,14461.54
3900,3,3.0,3.0,220,Botafogo,3880000,17636.36
750,3,1.0,1.0,86,Botafogo,720000,8372.09
1029,3,1.0,1.0,88,Botafogo,1150000,13068.18
1200,3,1.0,1.0,97,Botafogo,1800000,18556.7
1300,3,1.0,1.0,120,Botafogo,980000,8166.67
760,3,1.0,1.0,90,Botafogo,750000,8333.33
1400,3,1.0,2.0,100,Botafogo,1530000,15300.0
1380,3,1.0,1.0,94,Botafogo,880000,9361.7
200,3,1.0,1.0,109,Botafogo,798000,7321.1
700,3,1.0,2.0,97,Botafogo,1270000,13092.78
1400,3,1.0,1.0,140,Botafogo,2500000,17857.14
1600,3,3.0,2.0,126,Botafogo,1600000,12698.41
500,3,1.0,1.0,112,Botafogo,1270000,11339.29
1500,3,1.0,1.0,110,Botafogo,1550000,14090.91
1000,3,1.0,2.0,110,Botafogo,1450000,13181.82
1000,3,1.0,1.0,120,Botafogo,1100000,9166.67
1133,3,1.0,1.0,122,Botafogo,1820000,14918.03
840,3,1.0,2.0,105,Botafogo,1594389,15184.66
1400,3,2.0,1.0,90,Botafogo,1380000,15333.33
500,1,1.0,1.0,22,Copacabana,265000,12045.45
700,1,1.0,1.0,60,Copacabana,600000,10000.0
590,1,0.0,1.0,37,Copacabana,560000,15135.14
450,1,0.0,1.0,40,Copacabana,550000,13750.0
450,1,1.0,1.0,40,Copacabana,640000,16000.0
650,1,0.0,1.0,45,Copacabana,560000,12444.44
650,1,0.0,1.0,60,Copacabana,650000,10833.33
470,1,0.0,1.0,34,Copacabana,380000,11176.47
390,1,1.0,1.0,31,Copacabana,515000,16612.9
550,1,0.0,1.0,42,Copacabana,500000,11904.76
365,1,0.0,1.0,40,Copacabana,390000,9750.0
520,1,1.0,1.0,25,Copacabana,270000,10800.0
400,1,0.0,1.0,42,Copacabana,450000,10714.29
430,1,0.0,1.0,55,Copacabana,590000,10727.27
550,1,0.0,1.0,48,Copacabana,570000,11875.0
739,1,0.0,1.0,60,Copacabana,590000,9833.33
540,1,1.0,1.0,35,Copacabana,470000,13428.57
1500,1,1.0,1.0,35,Copacabana,895000,25571.43
400,1,1.0,1.0,45,Copacabana,550000,12222.22
550,1,1.0,1.0,48,Copacabana,630000,13125.0
512,1,0.0,1.0,28,Copacabana,399000,14250.0
472,1,1.0,1.0,55,Copacabana,570000,10363.64
660,1,1.0,1.0,50,Copacabana,629000,12580.0
650,1,0.0,1.0,48,Copacabana,520000,10833.33
450,1,1.0,1.0,48,Copacabana,480000,10000.0
705,1,1.0,1.0,65,Copacabana,590000,9076.92
560,1,1.0,1.0,39,Copacabana,450000,11538.46
350,1,1.0,1.0,40,Copacabana,390000,9750.0
490,1,0.0,1.0,48,Copacabana,430000,8958.33
520,1,0.0,1.0,56,Copacabana,635000,11339.29
380,1,1.0,1.0,32,Copacabana,420000,13125.0
600,1,1.0,1.0,60,Copacabana,480000,8000.0
400,1,1.0,1.0,45,Copacabana,630000,14000.0
700,2,1.0,1.0,78,Copacabana,730000,9358.97
700,2,1.0,1.0,80,Copacabana,898000,11225.0
1000,2,1.0,1.0,120,Copacabana,840000,7000.0
500,2,2.0,1.0,75,Copacabana,1680000,22400.0
800,2,1.0,1.0,78,Copacabana,790000,10128.21
1500,2,1.0,1.0,150,Copacabana,1300000,8666.67
821,2,1.0,1.0,75,Copacabana,1190000,15866.67
600,2,1.0,1.0,53,Copacabana,810000,15283.02
650,2,1.0,2.0,80,Copacabana,820000,10250.0
950,2,1.0,1.0,95,Copacabana,1280000,13473.68
1500,2,2.0,1.0,195,Copacabana,1300000,6666.67
700,2,1.0,1.0,80,Copacabana,710000,8875.0
650,2,1.0,1.0,82,Copacabana,950000,11585.37
945,2,2.0,1.0,71,Copacabana,950000,13380.28
650,2,1.0,2.0,80,Copacabana,900000,11250.0
525,2,2.0,1.0,79,Copacabana,760000,9620.25
740,2,1.0,1.0,75,Copacabana,776000,10346.67
693,2,1.0,1.0,65,Copacabana,580000,8923.08
600,2,1.0,1.0,68,Copacabana,679000,9985.29
550,2,1.0,1.0,47,Copacabana,550000,11702.13
850,2,1.0,1.0,79,Copacabana,1099000,13911.39
700,2,1.0,1.0,70,Copacabana,790000,11285.71
735,2,1.0,1.0,75,Copacabana,1150000,15333.33
1100,2,1.0,1.0,100,Copacabana,1582000,15820.0
1275,2,2.0,1.0,60,Copacabana,1200000,20000.0
1000,2,1.0,2.0,85,Copacabana,1600000,18823.53
2200,2,2.0,1.0,209,Copacabana,1500000,7177.03
760,2,1.0,1.0,90,Copacabana,840000,9333.33
900,2,1.0,1.0,75,Copacabana,700000,9333.33
1800,2,1.0,1.0,194,Copacabana,2000000,10309.28
1000,2,1.0,1.0,80,Copacabana,1000000,12500.0
605,2,1.0,1.0,65,Copacabana,735000,11307.69
820,2,1.0,1.0,83,Copacabana,990000,11927.71
2000,2,2.0,1.0,72,Copacabana,740000,10277.78
440,2,1.0,1.0,85,Copacabana,725000,8529.41
600,2,1.0,1.0,80,Copacabana,750000,9375.0
1600,3,1.0,1.0,220,Copacabana,2190000,9954.55
1300,3,1.0,1.0,168,Copacabana,1250000,7440.48
924,3,1.0,1.0,120,Copacabana,1030000,8583.33
1200,3,1.0,1.0,200,Copacabana,1650000,8250.0
680,3,1.0,1.0,125,Copacabana,1050000,8400.0
800,3,1.0,1.0,120,Copacabana,1100000,9166.67
2200,3,1.0,1.0,280,Copacabana,2800000,10000.0
930,3,1.0,1.0,110,Copacabana,1200000,10909.09
1980,3,2.0,1.0,210,Copacabana,1680000,8000.0
1290,3,1.0,1.0,155,Copacabana,2600000,16774.19
500,3,1.0,1.0,190,Copacabana,1240000,6526.32
1598,3,1.0,1.0,170,Copacabana,2350000,13823.53
1939,3,1.0,1.0,230,Copacabana,3990000,17347.83
1200,3,1.0,1.0,240,Copacabana,2200000,9166.67
2600,3,2.0,2.0,200,Copacabana,2390000,11950.0
1309,3,1.0,1.0,102,Copacabana,1000000,9803.92
1025,3,1.0,1.0,98,Copacabana,1099999,11224.48
1700,3,1.0,2.0,280,Copacabana,3400000,12142.86
3600,3,1.0,2.0,300,Copacabana,5280000,17600.0
1500,3,1.0,1.0,340,Copacabana,3850000,11323.53
860,3,1.0,1.0,100,Copacabana,1050000,10500.0
3200,3,1.0,1.0,280,Copacabana,2000000,7142.86
1600,3,1.0,1.0,280,Copacabana,4200000,15000.0
1290,3,1.0,1.0,150,Copacabana,1550000,10333.33
1300,3,2.0,1.0,100,Copacabana,1080000,10800.0
1018,3,1.0,1.0,108,Copacabana,980000,9074.07
1200,3,1.0,1.0,107,Copacabana,950000,8878.5
900,3,1.0,1.0,110,Copacabana,1100000,10000.0
800,3,1.0,1.0,92,Copacabana,900000,9782.61
404,3,1.0,1.0,114,Copacabana,1200000,10526.32
1084,3,1.0,1.0,100,Copacabana,1150000,11500.0
1640,3,1.0,1.0,195,Copacabana,1600000,8205.13
1500,3,1.0,1.0,152,Copacabana,1349000,8875.0
760,3,1.0,1.0,150,Copacabana,1600000,10666.67
980,3,0.0,1.0,85,Copacabana,980000,11529.41
1230,3,1.0,1.0,95,Copacabana,1290000,13578.95
800,3,1.0,1.0,75,Copacabana,950000,12666.67
2950,3,2.0,2.0,160,Copacabana,3000000,18750.0
800,3,1.0,1.0,110,Copacabana,650000,5909.09
2400,3,1.0,1.0,188,Copacabana,3900000,20744.68
798,3,1.0,1.0,110,Copacabana,950000,8636.36
805,3,1.0,2.0,83,Copacabana,750000,9036.14
1000,3,1.0,4.0,175,Copacabana,1890000,10800.0
1420,3,1.0,1.0,120,Copacabana,1900000,15833.33
2000,3,2.0,1.0,220,Copacabana,2500000,11363.64
400,1,0.0,0.0,40,Gávea,750000,18750.0
350,1,0.0,1.0,37,Gávea,590000,15945.95
775,1,1.0,1.0,50,Gávea,1080000,21600.0
290,1,1.0,1.0,36,Gávea,840000,23333.33
750,1,1.0,1.0,35,Gávea,470000,13428.57
700,1,1.0,1.0,58,Gávea,950000,16379.31
785,1,1.0,1.0,50,Gávea,950000,19000.0
646,1,0.0,1.0,61,Gávea,950000,15573.77
550,1,0.0,1.0,54,Gávea,700000,12962.96
800,1,0.0,1.0,56,Gávea,850000,15178.57
700,1,1.0,1.0,55,Gávea,620000,11272.73
400,1,1.0,1.0,37,Gávea,480000,12972.97
500,1,1.0,1.0,40,Gávea,620000,15500.0
530,1,0.0,1.0,60,Gávea,950000,15833.33
400,1,0.0,1.0,40,Gávea,750000,18750.0
500,1,0.0,1.0,45,Gávea,600000,13333.33
600,1,1.0,1.0,38,Gávea,650000,17105.26
700,1,0.0,1.0,58,Gávea,850000,14655.17
900,1,1.0,1.0,65,Gávea,880000,13538.46
950,2,1.0,1.0,110,Gávea,1700000,15454.55
1184,2,2.0,2.0,142,Gávea,1950000,13732.39
1200,2,1.0,1.0,74,Gávea,1830000,24729.73
800,2,1.0,1.0,58,Gávea,1365000,23534.48
937,2,1.0,1.0,80,Gávea,1400000,17500.0
815,2,1.0,1.0,95,Gávea,1800000,18947.37
814,2,1.0,1.0,82,Gávea,1260000,15365.85
260,2,1.0,1.0,60,Gávea,750000,12500.0
980,2,1.0,1.0,95,Gávea,1590000,16736.84
2500,2,2.0,2.0,160,Gávea,2450000,15312.5
1500,2,1.0,1.0,85,Gávea,1250000,14705.88
1250,2,1.0,1.0,90,Gávea,1789000,19877.78
1250,2,2.0,1.0,110,Gávea,1300000,11818.18
1200,2,1.0,1.0,75,Gávea,1590000,21200.0
950,2,1.0,1.0,78,Gávea,1250000,16025.64
987,2,1.0,1.0,78,Gávea,1250000,16025.64
987,2,1.0,1.0,80,Gávea,1388000,17350.0
900,2,1.0,1.0,60,Gávea,1250000,20833.33
1200,2,1.0,1.0,120,Gávea,2000000,16666.67
977,2,1.0,1.0,88,Gávea,1585000,18011.36
500,2,1.0,1.0,75,Gávea,980000,13066.67
880,2,1.0,1.0,80,Gávea,1650000,20625.0
850,2,1.0,1.0,97,Gávea,1000000,10309.28
750,2,1.0,1.0,70,Gávea,1280000,18285.71
1140,2,1.0,1.0,85,Gávea,1350000,15882.35
550,2,1.0,1.0,72,Gávea,970000,13472.22
800,2,1.0,1.0,89,Gávea,980000,11011.24
500,2,1.0,1.0,60,Gávea,800000,13333.33
900,2,1.0,1.0,75,Gávea,980000,13066.67
1000,3,1.0,2.0,110,Gávea,2250000,20454.55
1500,3,1.0,2.0,115,Gávea,2500000,21739.13
1300,3,1.0,1.0,103,Gávea,1500000,14563.11
1600,3,1.0,1.0,130,Gávea,1750000,13461.54
1400,3,1.0,1.0,92,Gávea,1650000,17934.78
1450,3,1.0,2.0,139,Gávea,2200000,15827.34
1456,3,1.0,2.0,110,Gávea,3000000,27272.73
1600,3,1.0,1.0,125,Gávea,1760000,14080.0
1600,3,1.0,1.0,125,Gávea,1850000,14800.0
1250,3,1.0,1.0,102,Gávea,1890000,18529.41
1600,3,1.0,1.0,120,Gávea,1800000,15000.0
1450,3,1.0,2.0,140,Gávea,2200000,15714.29
950,3,1.0,1.0,120,Gávea,2100000,17500.0
1115,3,1.0,2.0,103,Gávea,2205000,21407.77
1200,3,1.0,2.0,123,Gávea,2625000,21341.46
1250,3,1.0,2.0,113,Gávea,1990000,17610.62
680,3,1.0,2.0,110,Gávea,2200000,20000.0
1400,3,1.0,1.0,100,Gávea,1950000,19500.0
1350,3,1.0,1.0,94,Gávea,1650000,17553.19
1769,3,1.0,1.0,117,Gávea,2150000,18376.07
1000,3,0.0,1.0,85,Gávea,1149000,13517.65
1480,3,1.0,1.0,109,Gávea,2200000,20183.49
1250,3,1.0,2.0,113,Gávea,1990000,17610.62
550,1,1.0,1.0,65,Grajaú,178000,2738.46
350,1,1.0,1.0,55,Grajaú,350000,6363.64
330,1,1.0,1.0,52,Grajaú,345000,6634.62
560,1,1.0,1.0,59,Grajaú,280000,4745.76
590,1,1.0,1.0,60,Grajaú,340000,5666.67
570,1,1.0,1.0,52,Grajaú,370000,7115.38
230,1,1.0,1.0,35,Grajaú,285000,8142.86
370,1,1.0,1.0,61,Grajaú,380000,6229.51
380,1,1.0,1.0,55,Grajaú,325000,5909.09
580,1,0.0,1.0,55,Grajaú,300000,5454.55
620,1,1.0,1.0,60,Grajaú,320000,5333.33
345,1,1.0,1.0,49,Grajaú,294000,6000.0
400,1,1.0,1.0,35,Grajaú,219000,6257.14
485,1,1.0,1.0,50,Grajaú,400000,8000.0
470,1,1.0,1.0,53,Grajaú,300000,5660.38
600,1,1.0,1.0,52,Grajaú,370000,7115.38
500,1,1.0,1.0,53,Grajaú,454500,8575.47
550,1,1.0,1.0,60,Grajaú,430000,7166.67
468,1,1.0,1.0,50,Grajaú,435000,8700.0
450,2,1.0,1.0,71,Grajaú,370000,5211.27
1140,2,1.0,1.0,77,Grajaú,470000,6103.9
389,2,1.0,1.0,45,Grajaú,350000,7777.78
661,2,1.0,1.0,75,Grajaú,450000,6000.0
250,2,1.0,1.0,102,Grajaú,480000,4705.88
600,2,1.0,1.0,75,Grajaú,370000,4933.33
650,2,1.0,1.0,78,Grajaú,590000,7564.1
500,2,1.0,1.0,75,Grajaú,465000,6200.0
600,2,1.0,1.0,70,Grajaú,395000,5642.86
710,2,1.0,1.0,76,Grajaú,600000,7894.74
669,2,1.0,1.0,70,Grajaú,550000,7857.14
680,2,1.0,1.0,77,Grajaú,580000,7532.47
680,2,1.0,1.0,65,Grajaú,390000,6000.0
730,2,1.0,1.0,61,Grajaú,350000,5737.7
640,2,1.0,1.0,70,Grajaú,435000,6214.29
300,2,1.0,1.0,100,Grajaú,354000,3540.0
300,2,1.0,1.0,50,Grajaú,399000,7980.0
600,2,1.0,1.0,75,Grajaú,400000,5333.33
880,2,1.0,1.0,85,Grajaú,770000,9058.82
690,2,1.0,1.0,80,Grajaú,499000,6237.5
650,2,1.0,1.0,63,Grajaú,590000,9365.08
750,2,1.0,1.0,98,Grajaú,460000,4693.88
550,2,1.0,1.0,73,Grajaú,380000,5205.48
560,2,1.0,1.0,66,Grajaú,380000,5757.58
200,2,1.0,1.0,108,Grajaú,380000,3518.52
520,2,1.0,1.0,65,Grajaú,415000,6384.62
500,2,1.0,1.0,60,Grajaú,475700,7928.33
250,2,1.0,0.0,66,Grajaú,250000,3787.88
800,2,1.0,1.0,67,Grajaú,450000,6716.42
1206,2,1.0,1.0,77,Grajaú,450000,5844.16
250,2,1.0,1.0,60,Grajaú,305000,5083.33
500,2,2.0,1.0,70,Grajaú,599000,8557.14
400,2,1.0,1.0,54,Grajaú,450000,8333.33
514,2,1.0,1.0,65,Grajaú,430000,6615.38
733,2,1.0,1.0,78,Grajaú,580000,7435.9
428,2,1.0,1.0,86,Grajaú,248000,2883.72
740,3,1.0,1.0,80,Grajaú,440000,5500.0
390,3,1.0,1.0,77,Grajaú,360000,4675.32
1270,3,1.0,2.0,140,Grajaú,900000,6428.57
930,3,1.0,2.0,150,Grajaú,894000,5960.0
790,3,1.0,1.0,89,Grajaú,760000,8539.33
300,3,1.0,1.0,84,Grajaú,395000,4702.38
400,3,1.0,1.0,88,Grajaú,420000,4772.73
150,3,1.0,1.0,101,Grajaú,600000,5940.59
866,3,1.0,2.0,93,Grajaú,750000,8064.52
1150,3,1.0,1.0,115,Grajaú,770000,6695.65
500,3,1.0,2.0,170,Grajaú,690000,4058.82
890,3,1.0,2.0,130,Grajaú,560000,4307.69
830,3,1.0,2.0,70,Grajaú,540000,7714.29
200,3,1.0,1.0,80,Grajaú,450000,5625.0
792,3,1.0,1.0,94,Grajaú,630000,6702.13
550,3,1.0,1.0,86,Grajaú,695000,8081.4
890,3,1.0,2.0,125,Grajaú,680000,5440.0
550,3,1.0,1.0,85,Grajaú,348000,4094.12
700,3,1.0,1.0,90,Grajaú,669000,7433.33
1113,3,1.0,2.0,120,Grajaú,749000,6241.67
890,3,1.0,2.0,130,Grajaú,700000,5384.62
780,3,1.0,1.0,89,Grajaú,530000,5955.06
400,3,1.0,1.0,114,Grajaú,650000,5701.75
560,3,0.0,0.0,93,Grajaú,370000,3978.49
200,3,1.0,1.0,110,Grajaú,580000,5272.73
620,3,1.0,1.0,130,Grajaú,650000,5000.0
400,1,1.0,1.0,25,Ipanema,520000,20800.0
556,1,1.0,1.0,35,Ipanema,880000,25142.86
500,1,1.0,1.0,35,Ipanema,905000,25857.14
1200,1,1.0,1.0,81,Ipanema,1999000,24679.01
520,1,1.0,1.0,40,Ipanema,840000,21000.0
1400,1,1.0,1.0,56,Ipanema,1080000,19285.71
460,1,1.0,1.0,39,Ipanema,1800000,46153.85
620,1,1.0,2.0,75,Ipanema,1600000,21333.33
600,1,0.0,0.0,30,Ipanema,499000,16633.33
500,1,1.0,1.0,52,Ipanema,620000,11923.08
700,1,1.0,1.0,50,Ipanema,700000,14000.0
1518,1,1.0,1.0,65,Ipanema,1300000,20000.0
600,1,1.0,1.0,55,Ipanema,1300000,23636.36
800,1,1.0,1.0,55,Ipanema,1000000,18181.82
650,1,1.0,1.0,60,Ipanema,950000,15833.33
400,1,1.0,1.0,32,Ipanema,950000,29687.5
400,1,1.0,1.0,30,Ipanema,870000,29000.0
650,1,1.0,1.0,50,Ipanema,779000,15580.0
700,1,1.0,1.0,25,Ipanema,735000,29400.0
500,1,1.0,1.0,30,Ipanema,699990,23333.0
550,1,1.0,1.0,36,Ipanema,649000,18027.78
1800,1,1.0,1.0,50,Ipanema,1350000,27000.0
714,1,1.0,1.0,40,Ipanema,700000,17500.0
800,2,1.0,1.0,100,Ipanema,1450000,14500.0
1642,2,1.0,1.0,93,Ipanema,1700000,18279.57
3570,2,2.0,1.0,90,Ipanema,2729000,30322.22
790,2,1.0,1.0,75,Ipanema,1350000,18000.0
800,2,1.0,1.0,115,Ipanema,1650000,14347.83
1090,2,1.0,1.0,60,Ipanema,1050000,17500.0
850,2,1.0,1.0,80,Ipanema,1300000,16250.0
606,2,1.0,1.0,66,Ipanema,1200000,18181.82
472,2,1.0,1.0,70,Ipanema,820000,11714.29
1885,2,1.0,2.0,147,Ipanema,3950000,26870.75
900,2,1.0,1.0,80,Ipanema,1560000,19500.0
452,2,1.0,1.0,90,Ipanema,1380000,15333.33
800,2,1.0,2.0,82,Ipanema,1100000,13414.63
4059,2,2.0,1.0,86,Ipanema,4200000,48837.21
735,2,1.0,1.0,70,Ipanema,890000,12714.29
700,2,1.0,1.0,70,Ipanema,900000,12857.14
800,2,1.0,1.0,75,Ipanema,1150000,15333.33
4190,2,1.0,1.0,110,Ipanema,5300000,48181.82
814,2,1.0,1.0,82,Ipanema,1500000,18292.68
1300,2,1.0,1.0,130,Ipanema,1390000,10692.31
700,2,1.0,1.0,78,Ipanema,1100000,14102.56
430,2,1.0,1.0,76,Ipanema,840000,11052.63
850,2,1.0,2.0,83,Ipanema,1900000,22891.57
900,2,1.0,1.0,70,Ipanema,1350000,19285.71
1007,2,1.0,1.0,68,Ipanema,1280000,18823.53
1200,2,1.0,1.0,60,Ipanema,1300000,21666.67
1500,2,1.0,1.0,61,Ipanema,950000,15573.77
555,2,1.0,1.0,76,Ipanema,1250000,16447.37
978,2,1.0,1.0,60,Ipanema,1180000,19666.67
1050,3,1.0,1.0,134,Ipanema,950000,7089.55
3300,3,1.0,3.0,325,Ipanema,9000000,27692.31
990,3,1.0,1.0,110,Ipanema,1580000,14363.64
1450,3,3.0,1.0,120,Ipanema,1700000,14166.67
1530,3,1.0,1.0,200,Ipanema,2300000,11500.0
2500,3,3.0,1.0,280,Ipanema,7400000,26428.57
2350,3,2.0,1.0,205,Ipanema,3699000,18043.9
1310,3,3.0,1.0,172,Ipanema,5900000,34302.33
1500,3,1.0,1.0,124,Ipanema,2500000,20161.29
2480,3,1.0,2.0,160,Ipanema,3350000,20937.5
1215,3,1.0,1.0,105,Ipanema,1050000,10000.0
1700,3,1.0,1.0,130,Ipanema,2400000,18461.54
4600,3,1.0,2.0,350,Ipanema,13600000,38857.14
1300,3,1.0,1.0,100,Ipanema,1850000,18500.0
2100,3,1.0,2.0,165,Ipanema,3450000,20909.09
1600,3,1.0,1.0,110,Ipanema,1850000,16818.18
994,3,3.0,1.0,138,Ipanema,1500000,10869.57
1400,3,1.0,2.0,140,Ipanema,1730000,12357.14
2988,3,2.0,3.0,180,Ipanema,3600000,20000.0
1600,3,1.0,1.0,201,Ipanema,2275000,11318.41
2800,3,2.0,1.0,186,Ipanema,5200000,27956.99
1204,3,1.0,1.0,123,Ipanema,1580000,12845.53
2000,3,1.0,1.0,130,Ipanema,2900000,22307.69
1517,3,3.0,1.0,110,Ipanema,1890000,17181.82
550,3,1.0,1.0,33,Ipanema,870000,26363.64
1700,3,1.0,1.0,110,Ipanema,2380000,21636.36
1450,3,1.0,1.0,110,Ipanema,1900000,17272.73
1000,3,3.0,2.0,120,Ipanema,1600000,13333.33
5461,3,3.0,4.0,475,Ipanema,8900000,18736.84
3090,3,1.0,2.0,180,Ipanema,2790000,15500.0
1925,3,1.0,2.0,140,Ipanema,2800000,20000.0
1900,3,1.0,1.0,130,Ipanema,2300000,17692.31
500,3,1.0,1.0,109,Ipanema,2100000,19266.06
900,3,1.0,1.0,130,Ipanema,1680000,12923.08
1600,3,1.0,1.0,150,Ipanema,2800000,18666.67
2600,3,2.0,1.0,140,Ipanema,3200000,22857.14
1300,3,1.0,1.0,120,Ipanema,2500000,20833.33
1350,3,2.0,1.0,118,Ipanema,1780000,15084.75
2600,3,1.0,2.0,150,Ipanema,3700000,24666.67
1500,3,1.0,1.0,144,Ipanema,2380000,16527.78
2013,3,3.0,1.0,130,Ipanema,2350000,18076.92
1100,3,1.0,1.0,109,Ipanema,1345000,12339.45
600,1,1.0,0.0,90,Leblon,1350000,15000.0
650,1,1.0,1.0,45,Leblon,1299000,28866.67
1000,1,1.0,1.0,60,Leblon,895000,14916.67
1600,1,1.0,1.0,44,Leblon,1250000,28409.09
550,1,1.0,1.0,41,Leblon,935000,22804.88
600,1,1.0,1.0,22,Leblon,230000,10454.55
618,1,1.0,1.0,45,Leblon,850000,18888.89
850,1,1.0,1.0,43,Leblon,1300000,30232.56
1860,1,1.0,1.0,50,Leblon,1100000,22000.0
525,1,0.0,0.0,38,Leblon,545000,14342.11
1850,1,1.0,1.0,35,Leblon,1350000,38571.43
2000,1,1.0,1.0,55,Leblon,1500000,27272.73
552,1,1.0,0.0,27,Leblon,550000,20370.37
750,1,1.0,1.0,75,Leblon,1340000,17866.67
400,1,1.0,1.0,55,Leblon,610000,11090.91
545,1,1.0,1.0,35,Leblon,840000,24000.0
950,1,0.0,0.0,75,Leblon,1550000,20666.67
850,1,1.0,1.0,60,Leblon,2100000,35000.0
511,1,1.0,1.0,43,Leblon,990000,23023.26
1600,1,1.0,1.0,50,Leblon,1199000,23980.0
400,2,1.0,2.0,69,Leblon,290000,4202.9
533,2,1.0,1.0,60,Leblon,1100000,18333.33
778,2,1.0,1.0,80,Leblon,1500000,18750.0
1300,2,1.0,1.0,82,Leblon,1790000,21829.27
1600,2,1.0,1.0,105,Leblon,1900000,18095.24
680,2,1.0,1.0,58,Leblon,850000,14655.17
900,2,1.0,1.0,53,Leblon,1180000,22264.15
1100,2,1.0,1.0,90,Leblon,1890000,21000.0
894,2,1.0,1.0,70,Leblon,1130000,16142.86
1300,2,1.0,1.0,110,Leblon,4000000,36363.64
900,2,1.0,1.0,71,Leblon,1490000,20985.92
600,2,1.0,1.0,67,Leblon,798000,11910.45
2000,2,1.0,2.0,100,Leblon,2800000,28000.0
845,2,1.0,1.0,90,Leblon,1750000,19444.44
1800,2,1.0,1.0,91,Leblon,2500000,27472.53
1300,2,1.0,2.0,115,Leblon,2800000,24347.83
860,2,1.0,1.0,68,Leblon,1600000,23529.41
2055,2,1.0,1.0,70,Leblon,2100000,30000.0
1100,2,1.0,1.0,100,Leblon,1580000,15800.0
750,2,1.0,1.0,77,Leblon,1400000,18181.82
1286,2,1.0,2.0,77,Leblon,1630000,21168.83
500,2,1.0,1.0,85,Leblon,3500000,41176.47
1200,2,1.0,1.0,76,Leblon,1290000,16973.68
1300,2,1.0,1.0,104,Leblon,2500000,24038.46
780,2,1.0,1.0,70,Leblon,1550000,22142.86
1124,2,1.0,1.0,82,Leblon,1750000,21341.46
1070,2,1.0,1.0,72,Leblon,920000,12777.78
900,2,1.0,1.0,134,Leblon,2200000,16417.91
650,2,1.0,1.0,70,Leblon,700000,10000.0
1050,2,1.0,1.0,78,Leblon,1190000,15256.41
1300,2,1.0,1.0,66,Leblon,1365000,20681.82
1900,2,1.0,2.0,95,Leblon,1600000,16842.11
1100,2,1.0,1.0,68,Leblon,950000,13970.59
800,2,1.0,1.0,81,Leblon,1650000,20370.37
640,2,1.0,1.0,68,Leblon,620000,9117.65
600,2,1.0,1.0,58,Leblon,1100000,18965.52
600,2,1.0,1.0,100,Leblon,1650000,16500.0
1000,3,1.0,1.0,110,Leblon,1699000,15445.45
980,3,1.0,2.0,90,Leblon,1290000,14333.33
500,3,1.0,2.0,135,Leblon,1290000,9555.56
1700,3,1.0,1.0,123,Leblon,2100000,17073.17
850,3,1.0,1.0,96,Leblon,1800000,18750.0
1200,3,1.0,1.0,120,Leblon,1700000,14166.67
1200,3,1.0,2.0,115,Leblon,1550000,13478.26
2200,3,1.0,1.0,154,Leblon,2800000,18181.82
1300,3,1.0,2.0,120,Leblon,2300000,19166.67
1700,3,1.0,1.0,190,Leblon,3500000,18421.05
2520,3,1.0,1.0,130,Leblon,2400000,18461.54
1400,3,1.0,1.0,120,Leblon,2100000,17500.0
2000,3,1.0,1.0,108,Leblon,3300000,30555.56
1450,3,1.0,2.0,130,Leblon,2900000,22307.69
1100,3,1.0,1.0,85,Leblon,1199000,14105.88
1500,3,1.0,1.0,85,Leblon,1680000,19764.71
1398,3,1.0,1.0,86,Leblon,1550000,18023.26
1500,3,1.0,1.0,90,Leblon,1790000,19888.89
1830,3,1.0,2.0,120,Leblon,2950000,24583.33
2250,3,1.0,2.0,128,Leblon,2980000,23281.25
1180,3,1.0,1.0,93,Leblon,1700000,18279.57
5400,3,2.0,3.0,240,Leblon,7000000,29166.67
1400,3,2.0,1.0,110,Leblon,2100000,19090.91
1350,3,1.0,1.0,96,Leblon,2420000,25208.33
930,3,1.0,1.0,90,Leblon,2200000,24444.44
1300,3,1.0,1.0,90,Leblon,2350000,26111.11
1000,3,1.0,1.0,94,Leblon,2190000,23297.87
1060,3,1.0,1.0,85,Leblon,1950000,22941.18
1550,3,1.0,1.0,110,Leblon,1790000,16272.73
1124,3,1.0,1.0,145,Leblon,2490000,17172.41
2600,3,1.0,2.0,135,Leblon,6500000,48148.15
1200,3,1.0,1.0,88,Leblon,1550000,17613.64
1700,3,1.0,1.0,134,Leblon,2200000,16417.91
2000,3,1.0,1.0,150,Leblon,4200000,28000.0
1850,3,2.0,1.0,130,Leblon,2750000,21153.85
1700,3,1.0,1.0,110,Leblon,1850000,16818.18
900,3,1.0,1.0,130,Leblon,2107000,16207.69
1110,3,1.0,1.0,85,Leblon,1620000,19058.82
2216,3,2.0,2.0,160,Leblon,6300000,39375.0
1500,3,1.0,2.0,120,Leblon,2900000,24166.67
1127,3,1.0,1.0,100,Leblon,1950000,19500.0
2100,3,1.0,2.0,150,Leblon,2650000,17666.67
1200,3,1.0,1.0,100,Leblon,2090000,20900.0
400,1,0.0,1.0,50,Tijuca,300000,6000.0
424,1,0.0,1.0,53,Tijuca,470000,8867.92
350,1,0.0,1.0,50,Tijuca,400000,8000.0
390,1,0.0,1.0,50,Tijuca,339000,6780.0
264,1,0.0,1.0,35,Tijuca,380000,10857.14
230,1,0.0,1.0,48,Tijuca,285000,5937.5
500,1,1.0,1.0,56,Tijuca,370000,6607.14
310,1,0.0,1.0,36,Tijuca,280000,7777.78
590,1,0.0,1.0,60,Tijuca,450000,7500.0
450,1,0.0,1.0,70,Tijuca,530000,7571.43
700,1,0.0,1.0,62,Tijuca,440000,7096.77
500,1,0.0,1.0,48,Tijuca,370000,7708.33
150,1,0.0,1.0,45,Tijuca,360000,8000.0
655,1,0.0,1.0,50,Tijuca,400000,8000.0
772,1,0.0,1.0,65,Tijuca,520000,8000.0
350,1,0.0,1.0,30,Tijuca,205000,6833.33
200,1,0.0,1.0,58,Tijuca,280000,4827.59
600,1,0.0,1.0,50,Tijuca,360000,7200.0
450,1,0.0,1.0,40,Tijuca,339000,8475.0
642,1,0.0,1.0,60,Tijuca,465000,7750.0
790,1,1.0,1.0,70,Tijuca,460000,6571.43
500,1,1.0,1.0,54,Tijuca,365000,6759.26
500,1,0.0,1.0,38,Tijuca,249999,6578.92
300,1,1.0,1.0,41,Tijuca,320000,7804.88
470,1,0.0,1.0,35,Tijuca,355000,10142.86
420,1,0.0,1.0,40,Tijuca,300000,7500.0
250,2,1.0,1.0,65,Tijuca,325000,5000.0
760,2,1.0,1.0,80,Tijuca,445000,5562.5
645,2,1.0,1.0,74,Tijuca,540000,7297.3
600,2,1.0,1.0,76,Tijuca,499000,6565.79
580,2,1.0,1.0,66,Tijuca,425000,6439.39
700,2,1.0,1.0,67,Tijuca,450000,6716.42
750,2,1.0,1.0,63,Tijuca,670000,10634.92
970,2,1.0,1.0,67,Tijuca,405000,6044.78
400,2,1.0,1.0,67,Tijuca,440000,6567.16
750,2,1.0,1.0,62,Tijuca,409000,6596.77
800,2,1.0,1.0,83,Tijuca,690000,8313.25
654,2,1.0,1.0,73,Tijuca,750000,10273.97
520,2,1.0,1.0,90,Tijuca,500000,5555.56
620,2,2.0,1.0,74,Tijuca,446000,6027.03
423,2,1.0,1.0,73,Tijuca,365000,5000.0
460,2,1.0,1.0,70,Tijuca,295000,4214.29
540,2,1.0,1.0,78,Tijuca,490000,6282.05
750,2,1.0,1.0,64,Tijuca,670000,10468.75
900,2,1.0,1.0,83,Tijuca,660000,7951.81
850,2,1.0,1.0,80,Tijuca,430000,5375.0
744,2,1.0,1.0,84,Tijuca,600000,7142.86
650,2,1.0,1.0,80,Tijuca,785000,9812.5
850,2,1.0,1.0,85,Tijuca,680000,8000.0
600,2,0.0,1.0,77,Tijuca,420000,5454.55
736,2,1.0,1.0,92,Tijuca,650000,7065.22
645,2,1.0,1.0,84,Tijuca,885000,10535.71
885,2,1.0,1.0,78,Tijuca,580000,7435.9
771,2,1.0,1.0,84,Tijuca,810000,9642.86
840,2,1.0,1.0,76,Tijuca,780000,10263.16
480,2,1.0,1.0,80,Tijuca,630000,7875.0
580,2,1.0,1.0,63,Tijuca,460000,7301.59
720,2,1.0,1.0,75,Tijuca,440000,5866.67
500,2,1.0,1.0,72,Tijuca,445000,6180.56
635,2,1.0,1.0,65,Tijuca,420000,6461.54
330,2,1.0,1.0,50,Tijuca,360000,7200.0
150,2,1.0,1.0,65,Tijuca,540000,8307.69
380,2,1.0,1.0,70,Tijuca,450000,6428.57
835,2,1.0,1.0,76,Tijuca,670000,8815.79
650,2,1.0,1.0,60,Tijuca,750000,12500.0
1080,2,1.0,1.0,100,Tijuca,680000,6800.0
825,2,1.0,1.0,90,Tijuca,750000,8333.33
1100,2,1.0,2.0,106,Tijuca,1320000,12452.83
481,2,1.0,1.0,70,Tijuca,470000,6714.29
810,2,1.0,1.0,95,Tijuca,490000,5157.89
600,3,1.0,1.0,80,Tijuca,650000,8125.0
1850,3,1.0,2.0,214,Tijuca,1080000,5046.73
890,3,1.0,2.0,139,Tijuca,1100000,7913.67
1315,3,1.0,1.0,135,Tijuca,680000,5037.04
980,3,1.0,2.0,110,Tijuca,1030000,9363.64
630,3,1.0,2.0,92,Tijuca,590000,6413.04
420,3,1.0,1.0,120,Tijuca,660000,5500.0
810,3,1.0,1.0,130,Tijuca,699000,5376.92
913,3,1.0,1.0,86,Tijuca,680000,7906.98
900,3,1.0,2.0,86,Tijuca,960000,11162.79
1500,3,1.0,2.0,170,Tijuca,945000,5558.82
950,3,1.0,1.0,126,Tijuca,599900,4761.11
190,3,1.0,1.0,80,Tijuca,510000,6375.0
780,3,1.0,2.0,120,Tijuca,780000,6500.0
1200,3,1.0,2.0,100,Tijuca,1000000,10000.0
580,3,1.0,1.0,96,Tijuca,590000,6145.83
750,3,1.0,1.0,86,Tijuca,600000,6976.74
900,3,1.0,1.0,100,Tijuca,750000,7500.0
730,3,1.0,1.0,90,Tijuca,550000,6111.11
600,3,1.0,1.0,90,Tijuca,650000,7222.22
1000,3,1.0,2.0,125,Tijuca,825000,6600.0
1050,3,1.0,2.0,95,Tijuca,899000,9463.16
1100,3,1.0,2.0,110,Tijuca,850000,7727.27
860,3,1.0,1.0,110,Tijuca,770000,7000.0
950,3,1.0,2.0,96,Tijuca,600000,6250.0
1528,3,1.0,2.0,118,Tijuca,930000,7881.36
1100,3,1.0,1.0,110,Tijuca,750000,6818.18
700,3,1.0,2.0,73,Tijuca,680000,9315.07
940,3,1.0,2.0,140,Tijuca,990000,7071.43
1000,3,1.0,1.0,90,Tijuca,700000,7777.78
880,3,1.0,2.0,120,Tijuca,750000,6250.0
760,3,1.0,1.0,86,Tijuca,550000,6395.35
1000,3,1.0,1.0,100,Tijuca,580000,5800.0
1000,3,1.0,1.0,95,Tijuca,670000,7052.63
450,3,0.0,1.0,72,Tijuca,435000,6041.67
1500,3,1.0,2.0,125,Tijuca,1280000,10240.0
1000,3,1.0,2.0,103,Tijuca,800000,7766.99
500,3,1.0,1.0,120,Tijuca,819900,6832.5
785,3,1.0,2.0,71,Tijuca,800000,11267.61
500,3,1.0,2.0,124,Tijuca,1100000,8870.97
348,1,1.0,1.0,40,Botafogo,500000,12500.0
311,1,1.0,1.0,42,Botafogo,530000,12619.05
700,1,1.0,1.0,70,Botafogo,700000,10000.0
440,1,1.0,1.0,44,Botafogo,515000,11704.55
480,1,1.0,1.0,52,Botafogo,669000,12865.38
560,1,1.0,1.0,70,Botafogo,690000,9857.14
1550,1,1.0,1.0,44,Botafogo,760000,17272.73
400,1,1.0,1.0,50,Botafogo,650000,13000.0
1040,1,1.0,1.0,70,Botafogo,450000,6428.57
500,1,1.0,1.0,38,Botafogo,520000,13684.21
552,1,0.0,0.0,67,Botafogo,790000,11791.04
740,1,1.0,1.0,60,Botafogo,770000,12833.33
400,1,1.0,1.0,35,Botafogo,370000,10571.43
500,1,1.0,1.0,47,Botafogo,670000,14255.32
600,1,1.0,1.0,45,Botafogo,500000,11111.11
1500,1,1.0,1.0,60,Botafogo,695000,11583.33
370,1,1.0,1.0,45,Botafogo,620000,13777.78
500,1,1.0,1.0,55,Botafogo,500000,9090.91
465,1,1.0,1.0,50,Botafogo,570000,11400.0
250,1,1.0,1.0,40,Botafogo,400000,10000.0
1000,1,1.0,1.0,54,Botafogo,750000,13888.89
340,1,1.0,1.0,40,Botafogo,550000,13750.0
280,1,0.0,0.0,65,Botafogo,578000,8892.31
394,1,1.0,1.0,40,Botafogo,550000,13750.0
580,1,1.0,1.0,43,Botafogo,500000,11627.91
1071,1,1.0,1.0,44,Botafogo,568000,12909.09
825,2,1.0,1.0,79,Botafogo,690000,8734.18
500,2,2.0,1.0,78,Botafogo,990000,12692.31
900,2,2.0,1.0,77,Botafogo,1150000,14935.06
882,2,1.0,1.0,87,Botafogo,1250000,14367.82
970,2,1.0,1.0,86,Botafogo,1090000,12674.42
1500,2,1.0,1.0,68,Botafogo,950000,13970.59
1200,2,1.0,2.0,68,Botafogo,950000,13970.59
580,2,1.0,2.0,65,Botafogo,750000,11538.46
1100,2,1.0,1.0,79,Botafogo,799000,10113.92
1600,2,1.0,1.0,90,Botafogo,1100000,12222.22
600,2,1.0,1.0,70,Botafogo,720000,10285.71
760,2,1.0,1.0,76,Botafogo,890000,11710.53
950,2,1.0,1.0,75,Botafogo,1150000,15333.33
936,2,1.0,1.0,70,Botafogo,1080000,15428.57
520,2,1.0,1.0,75,Botafogo,519000,6920.0
860,2,1.0,1.0,76,Botafogo,980000,12894.74
790,2,1.0,1.0,71,Botafogo,950000,13380.28
1600,2,1.0,1.0,90,Botafogo,1100000,12222.22
1000,2,1.0,1.0,88,Botafogo,995000,11306.82
480,2,1.0,1.0,70,Botafogo,650000,9285.71
990,2,1.0,1.0,82,Botafogo,650000,7926.83
920,2,1.0,1.0,70,Botafogo,1080000,15428.57
630,2,1.0,1.0,70,Botafogo,600000,8571.43
1000,2,1.0,1.0,68,Botafogo,972000,14294.12
1018,2,1.0,2.0,80,Botafogo,1200000,15000.0
745,2,1.0,1.0,82,Botafogo,879000,10719.51
1400,2,1.0,1.0,75,Botafogo,1300000,17333.33
970,2,1.0,1.0,75,Botafogo,980000,13066.67
800,2,1.0,1.0,71,Botafogo,1250000,17605.63
540,2,1.0,1.0,60,Botafogo,550000,9166.67
900,2,1.0,1.0,90,Botafogo,980000,10888.89
1142,2,1.0,1.0,110,Botafogo,1350000,12272.73
450,2,1.0,1.0,117,Botafogo,800000,6837.61
616,2,1.0,1.0,65,Botafogo,800000,12307.69
840,2,1.0,1.0,74,Botafogo,930000,12567.57
800,2,1.0,1.0,82,Botafogo,1250000,15243.9
450,2,1.0,1.0,68,Botafogo,450000,6617.65
1684,3,3.0,1.0,212,Botafogo,1990000,9386.79
1500,3,1.0,2.0,156,Botafogo,2050000,13141.03
380,3,1.0,1.0,72,Botafogo,800000,11111.11
1130,3,1.0,2.0,125,Botafogo,950000,7600.0
680,3,1.0,2.0,108,Botafogo,1660000,15370.37
1350,3,1.0,1.0,102,Botafogo,1750000,17156.86
1350,3,1.0,2.0,135,Botafogo,1625000,12037.04
1400,3,1.0,1.0,194,Botafogo,1970000,10154.64
1200,3,2.0,2.0,95,Botafogo,1300000,13684.21
1000,3,1.0,1.0,83,Botafogo,900000,10843.37
1250,3,1.0,1.0,136,Botafogo,934000,6867.65
1000,3,1.0,2.0,100,Botafogo,1240000,12400.0
1700,3,1.0,2.0,113,Botafogo,1400000,12389.38
1200,3,1.0,2.0,110,Botafogo,1827000,16609.09
700,3,1.0,2.0,85,Botafogo,870000,10235.29
700,3,1.0,1.0,96,Botafogo,950000,9895.83
1327,3,1.0,1.0,120,Botafogo,920000,7666.67
1600,3,1.0,2.0,130,Botafogo,1850000,14230.77
3930,3,3.0,3.0,228,Botafogo,4199000,18416.67
750,3,1.0,1.0,115,Botafogo,1100000,9565.22
1000,3,1.0,1.0,83,Botafogo,900000,10843.37
1350,3,1.0,1.0,140,Botafogo,1800000,12857.14
991,3,1.0,1.0,101,Botafogo,1250000,12376.24
1300,3,1.0,2.0,108,Botafogo,1560000,14444.44
1300,3,1.0,1.0,120,Botafogo,980000,8166.67
500,3,1.0,1.0,105,Botafogo,1280000,12190.48
1400,3,1.0,2.0,100,Botafogo,1530000,15300.0
1300,3,1.0,1.0,94,Botafogo,950000,10106.38
950,3,1.0,1.0,82,Botafogo,998000,12170.73
1380,3,1.0,1.0,94,Botafogo,880000,9361.7
200,3,1.0,1.0,109,Botafogo,798000,7321.1
1300,3,1.0,2.0,120,Botafogo,1650000,13750.0
1400,3,1.0,1.0,140,Botafogo,2500000,17857.14
1500,3,1.0,1.0,110,Botafogo,1550000,14090.91
1000,3,1.0,1.0,120,Botafogo,1100000,9166.67
1133,3,1.0,1.0,122,Botafogo,1820000,14918.03
290,3,1.0,1.0,110,Botafogo,640000,5818.18
500,1,1.0,1.0,22,Copacabana,265000,12045.45
1678,1,1.0,1.0,55,Copacabana,535000,9727.27
750,1,1.0,1.0,60,Copacabana,799000,13316.67
420,1,1.0,1.0,44,Copacabana,520000,11818.18
390,1,1.0,1.0,31,Copacabana,515000,16612.9
492,1,1.0,1.0,34,Copacabana,380000,11176.47
450,1,1.0,1.0,36,Copacabana,420000,11666.67
450,1,1.0,1.0,38,Copacabana,385000,10131.58
365,1,1.0,1.0,40,Copacabana,390000,9750.0
520,1,1.0,1.0,25,Copacabana,270000,10800.0
550,1,1.0,1.0,48,Copacabana,540000,11250.0
520,1,1.0,1.0,55,Copacabana,690000,12545.45
350,1,1.0,1.0,28,Copacabana,500000,17857.14
739,1,1.0,1.0,60,Copacabana,590000,9833.33
650,1,1.0,1.0,38,Copacabana,370000,9736.84
1500,1,1.0,1.0,35,Copacabana,895000,25571.43
450,1,1.0,1.0,32,Copacabana,420000,13125.0
650,1,1.0,1.0,55,Copacabana,599000,10890.91
400,1,1.0,1.0,45,Copacabana,550000,12222.22
400,1,1.0,1.0,42,Copacabana,560000,13333.33
600,1,1.0,1.0,27,Copacabana,320000,11851.85
500,1,1.0,1.0,55,Copacabana,585000,10636.36
650,1,1.0,1.0,48,Copacabana,520000,10833.33
450,1,1.0,1.0,48,Copacabana,480000,10000.0
705,1,1.0,1.0,65,Copacabana,590000,9076.92
450,1,1.0,1.0,35,Copacabana,490000,14000.0
560,1,1.0,1.0,39,Copacabana,450000,11538.46
350,1,1.0,1.0,40,Copacabana,390000,9750.0
520,1,0.0,1.0,56,Copacabana,635000,11339.29
400,1,1.0,1.0,50,Copacabana,445000,8900.0
550,1,1.0,1.0,39,Copacabana,480000,12307.69
450,1,1.0,1.0,50,Copacabana,380000,7600.0
770,2,1.0,1.0,77,Copacabana,560000,7272.73
350,2,1.0,1.0,40,Copacabana,490000,12250.0
500,2,2.0,1.0,75,Copacabana,1680000,22400.0
650,2,2.0,1.0,60,Copacabana,1000000,16666.67
800,2,1.0,1.0,80,Copacabana,820000,10250.0
700,2,1.0,1.0,75,Copacabana,800000,10666.67
1128,2,2.0,1.0,84,Copacabana,1550000,18452.38
1500,2,1.0,1.0,150,Copacabana,1300000,8666.67
1400,2,1.0,1.0,93,Copacabana,1350000,14516.13
650,2,1.0,2.0,80,Copacabana,820000,10250.0
700,2,1.0,1.0,70,Copacabana,715000,10214.29
650,2,1.0,1.0,70,Copacabana,820000,11714.29
700,2,1.0,1.0,80,Copacabana,710000,8875.0
500,2,1.0,1.0,75,Copacabana,755000,10066.67
650,2,1.0,1.0,80,Copacabana,895000,11187.5
650,2,1.0,2.0,80,Copacabana,900000,11250.0
525,2,1.0,2.0,79,Copacabana,760000,9620.25
600,2,1.0,1.0,53,Copacabana,745000,14056.6
500,2,1.0,1.0,48,Copacabana,510000,10625.0
600,2,1.0,1.0,80,Copacabana,834000,10425.0
650,2,1.0,1.0,80,Copacabana,849000,10612.5
693,2,1.0,2.0,65,Copacabana,580000,8923.08
850,2,1.0,1.0,79,Copacabana,1099000,13911.39
890,2,1.0,1.0,190,Copacabana,1790000,9421.05
1275,2,2.0,1.0,60,Copacabana,1200000,20000.0
1000,2,1.0,2.0,85,Copacabana,1600000,18823.53
1250,2,1.0,1.0,90,Copacabana,750000,8333.33
983,2,1.0,1.0,65,Copacabana,920000,14153.85
2200,2,2.0,1.0,209,Copacabana,1500000,7177.03
1800,2,1.0,1.0,194,Copacabana,1850000,9536.08
1100,2,1.0,2.0,80,Copacabana,1150000,14375.0
605,2,1.0,1.0,65,Copacabana,735000,11307.69
2000,2,2.0,1.0,72,Copacabana,740000,10277.78
1300,3,1.0,1.0,168,Copacabana,1250000,7440.48
800,3,1.0,1.0,115,Copacabana,1157000,10060.87
1200,3,1.0,1.0,160,Copacabana,1600000,10000.0
2200,3,1.0,1.0,280,Copacabana,2800000,10000.0
1290,3,1.0,1.0,155,Copacabana,2600000,16774.19
1200,3,1.0,1.0,100,Copacabana,1190000,11900.0
750,3,1.0,1.0,67,Copacabana,660000,9850.75
950,3,1.0,1.0,90,Copacabana,990000,11000.0
1939,3,1.0,1.0,230,Copacabana,3990000,17347.83
1200,3,1.0,1.0,240,Copacabana,2200000,9166.67
996,3,1.0,1.0,158,Copacabana,1550000,9810.13
1700,3,1.0,2.0,280,Copacabana,3400000,12142.86
870,3,1.0,1.0,103,Copacabana,600000,5825.24
1950,3,1.0,1.0,174,Copacabana,1500000,8620.69
1500,3,1.0,1.0,340,Copacabana,3850000,11323.53
2100,3,1.0,1.0,188,Copacabana,3900000,20744.68
860,3,1.0,1.0,100,Copacabana,1050000,10500.0
1259,3,1.0,1.0,116,Copacabana,1100000,9482.76
1500,3,1.0,1.0,150,Copacabana,2200000,14666.67
2100,3,3.0,1.0,210,Copacabana,4500000,21428.57
1190,3,0.0,1.0,115,Copacabana,1300000,11304.35
1700,3,1.0,1.0,166,Copacabana,1700000,10240.96
1300,3,1.0,1.0,100,Copacabana,1080000,10800.0
1100,3,1.0,1.0,147,Copacabana,3400000,23129.25
980,3,1.0,1.0,104,Copacabana,750000,7211.54
1400,3,1.0,1.0,120,Copacabana,1200000,10000.0
1834,3,1.0,1.0,192,Copacabana,3600000,18750.0
1697,3,1.0,1.0,272,Copacabana,2900000,10661.76
1450,3,1.0,1.0,122,Copacabana,1400000,11475.41
960,3,1.0,1.0,90,Copacabana,850000,9444.44
1640,3,2.0,1.0,195,Copacabana,1600000,8205.13
1500,3,1.0,1.0,152,Copacabana,1300000,8552.63
1400,3,1.0,1.0,166,Copacabana,1949900,11746.39
500,3,1.0,1.0,138,Copacabana,1550000,11231.88
1500,3,1.0,1.0,152,Copacabana,1350000,8881.58
1620,3,1.0,1.0,163,Copacabana,1480000,9079.75
800,3,1.0,1.0,75,Copacabana,950000,12666.67
894,3,1.0,1.0,110,Copacabana,1480000,13454.55
1500,3,2.0,1.0,141,Copacabana,1975000,14007.09
700,3,1.0,1.0,110,Copacabana,1500000,13636.36
1700,3,1.0,2.0,175,Copacabana,2497000,14268.57
2000,3,1.0,2.0,290,Copacabana,3000000,10344.83
1000,3,1.0,4.0,175,Copacabana,1890000,10800.0
1800,3,1.0,1.0,190,Copacabana,2200000,11578.95
2000,3,2.0,1.0,220,Copacabana,2500000,11363.64
800,1,1.0,1.0,150,Gávea,1850000,12333.33
850,1,1.0,1.0,150,Gávea,1850000,12333.33
420,1,1.0,1.0,35,Gávea,750000,21428.57
775,1,1.0,1.0,50,Gávea,1080000,21600.0
290,1,1.0,1.0,36,Gávea,840000,23333.33
700,1,1.0,1.0,45,Gávea,750000,16666.67
785,1,1.0,1.0,50,Gávea,950000,19000.0
646,1,1.0,1.0,61,Gávea,950000,15573.77
550,1,1.0,1.0,54,Gávea,700000,12962.96
800,1,1.0,1.0,56,Gávea,850000,15178.57
700,1,1.0,1.0,55,Gávea,620000,11272.73
400,1,0.0,0.0,37,Gávea,480000,12972.97
500,1,1.0,1.0,40,Gávea,620000,15500.0
665,1,1.0,1.0,54,Gávea,700000,12962.96
600,1,1.0,1.0,50,Gávea,800000,16000.0
600,1,1.0,1.0,38,Gávea,650000,17105.26
700,1,1.0,1.0,58,Gávea,850000,14655.17
646,1,1.0,1.0,61,Gávea,950000,15573.77
790,1,1.0,1.0,65,Gávea,890000,13692.31
680,2,2.0,1.0,120,Gávea,1100000,9166.67
708,2,1.0,1.0,82,Gávea,1480000,18048.78
1183,2,2.0,2.0,142,Gávea,1950000,13732.39
1184,2,2.0,2.0,142,Gávea,1950000,13732.39
650,2,2.0,1.0,75,Gávea,810000,10800.0
937,2,1.0,1.0,80,Gávea,1400000,17500.0
975,2,1.0,1.0,80,Gávea,1399000,17487.5
782,2,1.0,1.0,71,Gávea,1250000,17605.63
1200,2,1.0,2.0,160,Gávea,2750000,17187.5
1800,2,2.0,1.0,116,Gávea,2850000,24568.97
1400,2,1.0,1.0,90,Gávea,1855000,20611.11
1250,2,1.0,1.0,90,Gávea,1789000,19877.78
987,2,1.0,1.0,78,Gávea,1250000,16025.64
987,2,0.0,1.0,80,Gávea,1388000,17350.0
500,2,1.0,1.0,75,Gávea,1350000,18000.0
500,2,1.0,1.0,67,Gávea,800000,11940.3
1250,2,1.0,1.0,100,Gávea,1800000,18000.0
688,2,1.0,1.0,110,Gávea,1200000,10909.09
1400,2,1.0,1.0,100,Gávea,1670000,16700.0
600,2,1.0,1.0,70,Gávea,890000,12714.29
850,2,1.0,1.0,97,Gávea,1000000,10309.28
550,2,1.0,1.0,72,Gávea,970000,13472.22
1500,2,1.0,1.0,85,Gávea,1150000,13529.41
1100,2,1.0,1.0,86,Gávea,1680000,19534.88
800,2,1.0,1.0,89,Gávea,980000,11011.24
1500,3,1.0,2.0,100,Gávea,1799000,17990.0
1042,3,1.0,2.0,110,Gávea,2300000,20909.09
1078,3,1.0,1.0,176,Gávea,1600000,9090.91
1100,3,1.0,2.0,220,Gávea,4500000,20454.55
2500,3,2.0,2.0,160,Gávea,2450000,15312.5
1400,3,2.0,1.0,92,Gávea,1650000,17934.78
500,3,1.0,2.0,100,Gávea,980000,9800.0
1300,3,1.0,2.0,88,Gávea,1520000,17272.73
850,3,1.0,1.0,148,Gávea,1750000,11824.32
500,3,1.0,1.0,98,Gávea,1500000,15306.12
1390,3,1.0,1.0,118,Gávea,1550000,13135.59
1600,3,1.0,2.0,110,Gávea,2260000,20545.45
1450,3,1.0,2.0,140,Gávea,2200000,15714.29
1100,3,1.0,1.0,93,Gávea,1600000,17204.3
740,3,1.0,1.0,97,Gávea,1250000,12886.6
680,3,1.0,2.0,110,Gávea,2200000,20000.0
1350,3,1.0,1.0,94,Gávea,1650000,17553.19
1600,3,1.0,1.0,127,Gávea,1390000,10944.88
1600,3,1.0,1.0,120,Gávea,1750000,14583.33
2400,3,1.0,1.0,138,Gávea,1700000,12318.84
680,3,1.0,2.0,105,Gávea,2200000,20952.38
1300,3,1.0,2.0,109,Gávea,2350000,21559.63
1014,3,1.0,1.0,115,Gávea,2100000,18260.87
330,1,1.0,1.0,55,Grajaú,355000,6454.55
330,1,1.0,1.0,52,Grajaú,345000,6634.62
500,1,1.0,1.0,70,Grajaú,450000,6428.57
440,1,0.0,1.0,50,Grajaú,340000,6800.0
560,1,1.0,1.0,59,Grajaú,280000,4745.76
400,1,1.0,1.0,30,Grajaú,250000,8333.33
370,1,1.0,1.0,61,Grajaú,380000,6229.51
380,1,1.0,1.0,55,Grajaú,325000,5909.09
500,1,1.0,1.0,38,Grajaú,249999,6578.92
580,1,1.0,1.0,55,Grajaú,300000,5454.55
500,1,0.0,1.0,60,Grajaú,425000,7083.33
485,1,1.0,1.0,50,Grajaú,400000,8000.0
470,1,1.0,1.0,53,Grajaú,300000,5660.38
600,1,0.0,1.0,52,Grajaú,370000,7115.38
500,1,0.0,1.0,53,Grajaú,300000,5660.38
550,1,0.0,1.0,60,Grajaú,430000,7166.67
350,1,1.0,1.0,48,Grajaú,300000,6250.0
550,1,1.0,1.0,60,Grajaú,159000,2650.0
130,1,1.0,1.0,50,Grajaú,315000,6300.0
740,2,1.0,1.0,70,Grajaú,430000,6142.86
473,2,1.0,1.0,72,Grajaú,430000,5972.22
389,2,1.0,1.0,45,Grajaú,350000,7777.78
546,2,1.0,1.0,67,Grajaú,460000,6865.67
550,2,1.0,1.0,80,Grajaú,465000,5812.5
540,2,1.0,1.0,100,Grajaú,550000,5500.0
650,2,1.0,1.0,71,Grajaú,510000,7183.1
661,2,1.0,1.0,75,Grajaú,450000,6000.0
210,2,1.0,1.0,80,Grajaú,370000,4625.0
800,2,1.0,1.0,80,Grajaú,340000,4250.0
600,2,1.0,1.0,60,Grajaú,380000,6333.33
620,2,1.0,1.0,90,Grajaú,630000,7000.0
530,2,1.0,1.0,60,Grajaú,330000,5500.0
468,2,2.0,1.0,65,Grajaú,430000,6615.38
710,2,1.0,1.0,76,Grajaú,600000,7894.74
711,2,1.0,1.0,83,Grajaú,380000,4578.31
669,2,1.0,1.0,70,Grajaú,550000,7857.14
680,2,2.0,1.0,65,Grajaú,390000,6000.0
700,2,2.0,1.0,70,Grajaú,350000,5000.0
730,2,1.0,1.0,61,Grajaú,350000,5737.7
640,2,1.0,1.0,70,Grajaú,435000,6214.29
530,2,1.0,1.0,72,Grajaú,420000,5833.33
600,2,1.0,1.0,75,Grajaú,400000,5333.33
650,2,2.0,1.0,63,Grajaú,590000,9365.08
700,2,1.0,1.0,90,Grajaú,625000,6944.44
750,2,1.0,1.0,98,Grajaú,460000,4693.88
260,2,1.0,1.0,78,Grajaú,400000,5128.21
560,2,1.0,1.0,66,Grajaú,380000,5757.58
250,2,1.0,0.0,66,Grajaú,250000,3787.88
1206,2,1.0,1.0,77,Grajaú,450000,5844.16
250,2,1.0,1.0,60,Grajaú,305000,5083.33
500,2,2.0,1.0,70,Grajaú,599000,8557.14
428,2,1.0,1.0,86,Grajaú,248000,2883.72
650,2,1.0,1.0,78,Grajaú,580000,7435.9
500,3,1.0,2.0,103,Grajaú,579999,5631.06
800,3,1.0,2.0,99,Grajaú,700000,7070.71
800,3,1.0,2.0,97,Grajaú,630000,6494.85
330,3,1.0,2.0,94,Grajaú,400000,4255.32
930,3,1.0,2.0,150,Grajaú,894000,5960.0
500,3,1.0,1.0,80,Grajaú,228000,2850.0
712,3,1.0,1.0,100,Grajaú,800000,8000.0
950,3,1.0,2.0,120,Grajaú,640000,5333.33
800,3,1.0,2.0,79,Grajaú,540000,6835.44
800,3,1.0,1.0,86,Grajaú,640000,7441.86
890,3,1.0,2.0,130,Grajaú,560000,4307.69
200,3,1.0,2.0,80,Grajaú,450000,5625.0
792,3,1.0,1.0,94,Grajaú,630000,6702.13
700,3,1.0,1.0,118,Grajaú,650000,5508.47
750,3,1.0,1.0,94,Grajaú,580000,6170.21
230,3,1.0,1.0,90,Grajaú,550000,6111.11
1113,3,1.0,2.0,120,Grajaú,749000,6241.67
890,3,1.0,2.0,130,Grajaú,700000,5384.62
630,3,1.0,1.0,81,Grajaú,320000,3950.62
300,3,1.0,1.0,110,Grajaú,550000,5000.0
483,3,1.0,1.0,80,Grajaú,460000,5750.0
400,3,1.0,1.0,114,Grajaú,650000,5701.75
1122,3,1.0,2.0,107,Grajaú,750000,7009.35
560,3,1.0,1.0,93,Grajaú,370000,3978.49
500,3,1.0,1.0,200,Grajaú,615000,3075.0
1100,3,1.0,2.0,118,Grajaú,620000,5254.24
400,1,1.0,1.0,25,Ipanema,520000,20800.0
550,1,1.0,1.0,55,Ipanema,750000,13636.36
500,1,1.0,1.0,36,Ipanema,975000,27083.33
500,1,1.0,1.0,48,Ipanema,1000000,20833.33
565,1,1.0,1.0,33,Ipanema,690000,20909.09
663,1,1.0,1.0,37,Ipanema,750000,20270.27
600,1,0.0,0.0,30,Ipanema,499000,16633.33
628,1,1.0,1.0,65,Ipanema,900000,13846.15
2500,1,1.0,1.0,40,Ipanema,1300000,32500.0
600,1,1.0,1.0,50,Ipanema,1575000,31500.0
650,1,1.0,1.0,46,Ipanema,750000,16304.35
605,1,1.0,1.0,50,Ipanema,1050000,21000.0
598,1,1.0,1.0,35,Ipanema,500000,14285.71
580,1,1.0,2.0,52,Ipanema,899000,17288.46
1190,1,1.0,1.0,50,Ipanema,1100000,22000.0
1045,1,1.0,2.0,108,Ipanema,1700000,15740.74
600,1,1.0,1.0,30,Ipanema,680000,22666.67
750,1,1.0,1.0,36,Ipanema,660000,18333.33
490,1,1.0,1.0,33,Ipanema,515000,15606.06
400,1,1.0,1.0,55,Ipanema,920000,16727.27
1800,1,1.0,1.0,50,Ipanema,1350000,27000.0
380,1,1.0,1.0,48,Ipanema,790000,16458.33
715,1,1.0,1.0,56,Ipanema,1050000,18750.0
2480,2,1.0,1.0,90,Ipanema,1580000,17555.56
450,2,1.0,2.0,70,Ipanema,1050000,15000.0
1,2,2.0,1.0,65,Ipanema,1000000,15384.62
1650,2,2.0,1.0,75,Ipanema,1250000,16666.67
4011,2,2.0,2.0,70,Ipanema,2000000,28571.43
750,2,1.0,1.0,75,Ipanema,1070000,14266.67
300,2,2.0,1.0,90,Ipanema,1500000,16666.67
980,2,1.0,1.0,100,Ipanema,1450000,14500.0
1885,2,1.0,2.0,147,Ipanema,3950000,26870.75
1520,2,1.0,1.0,70,Ipanema,960000,13714.29
720,2,2.0,1.0,70,Ipanema,990000,14142.86
1200,2,1.0,1.0,76,Ipanema,1400000,18421.05
700,2,1.0,1.0,70,Ipanema,900000,12857.14
800,2,1.0,1.0,75,Ipanema,1150000,15333.33
455,2,2.0,2.0,110,Ipanema,1550000,14090.91
2000,2,2.0,1.0,87,Ipanema,2300000,26436.78
780,2,1.0,1.0,60,Ipanema,699000,11650.0
814,2,1.0,1.0,82,Ipanema,1500000,18292.68
700,2,1.0,1.0,78,Ipanema,1100000,14102.56
3090,2,1.0,2.0,180,Ipanema,2800000,15555.56
1500,2,1.0,1.0,80,Ipanema,1900000,23750.0
430,2,1.0,2.0,76,Ipanema,840000,11052.63
850,2,1.0,2.0,83,Ipanema,1900000,22891.57
900,2,1.0,1.0,70,Ipanema,1350000,19285.71
1800,2,1.0,1.0,110,Ipanema,1800000,16363.64
3800,2,2.0,2.0,60,Ipanema,2350000,39166.67
600,2,1.0,1.0,65,Ipanema,950000,14615.38
900,2,1.0,1.0,70,Ipanema,910000,13000.0
760,2,1.0,1.0,70,Ipanema,650000,9285.71
1463,3,1.0,1.0,130,Ipanema,3400000,26153.85
1700,3,3.0,1.0,110,Ipanema,1780000,16181.82
1,3,3.0,4.0,359,Ipanema,11000000,30640.67
1500,3,1.0,2.0,160,Ipanema,3700000,23125.0
1310,3,3.0,1.0,172,Ipanema,5900000,34302.33
1450,3,1.0,2.0,90,Ipanema,849000,9433.33
1070,3,1.0,1.0,134,Ipanema,950000,7089.55
1500,3,1.0,1.0,124,Ipanema,2500000,20161.29
1000,3,1.0,1.0,126,Ipanema,1890000,15000.0
1000,3,1.0,1.0,115,Ipanema,1490000,12956.52
930,3,1.0,1.0,130,Ipanema,1500000,11538.46
2500,3,1.0,2.0,135,Ipanema,3400000,25185.19
2500,3,1.0,2.0,250,Ipanema,4500000,18000.0
1200,3,1.0,1.0,120,Ipanema,2800000,23333.33
1600,3,1.0,1.0,110,Ipanema,1850000,16818.18
1620,3,1.0,1.0,162,Ipanema,3500000,21604.94
2800,3,1.0,1.0,160,Ipanema,3000000,18750.0
1400,3,1.0,2.0,140,Ipanema,1730000,12357.14
950,3,1.0,2.0,110,Ipanema,1999000,18172.73
120,3,1.0,1.0,125,Ipanema,1789000,14312.0
745,3,1.0,1.0,76,Ipanema,1490000,19605.26
1200,3,1.0,1.0,70,Ipanema,1380000,19714.29
1575,3,1.0,1.0,103,Ipanema,1750000,16990.29
2000,3,1.0,1.0,130,Ipanema,2900000,22307.69
3200,3,1.0,2.0,107,Ipanema,3950000,36915.89
1517,3,1.0,1.0,110,Ipanema,1890000,17181.82
1200,3,3.0,1.0,105,Ipanema,900000,8571.43
4500,3,1.0,1.0,200,Ipanema,6500000,32500.0
900,3,1.0,1.0,130,Ipanema,1500000,11538.46
1600,3,1.0,1.0,150,Ipanema,2800000,18666.67
3800,3,1.0,2.0,250,Ipanema,6800000,27200.0
2600,3,2.0,1.0,140,Ipanema,3200000,22857.14
2600,3,1.0,2.0,150,Ipanema,3700000,24666.67
1500,3,1.0,1.0,144,Ipanema,2380000,16527.78
2100,3,1.0,1.0,185,Ipanema,3500000,18918.92
1600,3,1.0,2.0,120,Ipanema,2480000,20666.67
1400,3,1.0,1.0,105,Ipanema,1950000,18571.43
1650,3,1.0,2.0,138,Ipanema,2700000,19565.22
1250,3,2.0,1.0,118,Ipanema,1990000,16864.41
1700,3,1.0,2.0,113,Ipanema,3200000,28318.58
1500,3,1.0,1.0,100,Ipanema,1345000,13450.0
990,3,1.0,1.0,110,Ipanema,1800000,16363.64
545,1,0.0,0.0,35,Leblon,730000,20857.14
450,1,1.0,1.0,43,Leblon,679000,15790.7
1570,1,1.0,1.0,35,Leblon,1350000,38571.43
520,1,1.0,1.0,50,Leblon,850000,17000.0
415,1,1.0,0.0,49,Leblon,650000,13265.31
545,1,1.0,0.0,35,Leblon,730000,20857.14
650,1,1.0,0.0,46,Leblon,680000,14782.61
400,1,0.0,0.0,27,Leblon,445000,16481.48
604,1,1.0,1.0,50,Leblon,980000,19600.0
360,1,0.0,0.0,45,Leblon,790000,17555.56
450,1,1.0,0.0,50,Leblon,650000,13000.0
1800,1,1.0,1.0,45,Leblon,1350000,30000.0
1670,1,1.0,1.0,44,Leblon,1250000,28409.09
1450,1,1.0,1.0,50,Leblon,1299000,25980.0
760,1,1.0,0.0,64,Leblon,1375000,21484.38
400,1,1.0,3.0,55,Leblon,610000,11090.91
1600,1,1.0,1.0,50,Leblon,1733000,34660.0
950,1,0.0,0.0,75,Leblon,1550000,20666.67
500,1,1.0,1.0,33,Leblon,1000000,30303.03
1750,1,1.0,3.0,170,Leblon,4000000,23529.41
320,2,2.0,1.0,50,Leblon,1100000,22000.0
800,2,1.0,1.0,111,Leblon,2300000,20720.72
1036,2,1.0,1.0,65,Leblon,1200000,18461.54
840,2,2.0,1.0,46,Leblon,1150000,25000.0
1866,2,2.0,2.0,206,Leblon,2900000,14077.67
1550,2,2.0,1.0,92,Leblon,2300000,25000.0
894,2,0.0,0.0,70,Leblon,1130000,16142.86
550,2,1.0,2.0,56,Leblon,945000,16875.0
780,2,1.0,1.0,70,Leblon,1500000,21428.57
800,2,1.0,1.0,80,Leblon,1440000,18000.0
2000,2,1.0,2.0,149,Leblon,3500000,23489.93
1560,2,1.0,1.0,80,Leblon,1490000,18625.0
1100,2,1.0,1.0,90,Leblon,1100000,12222.22
1160,2,1.0,1.0,100,Leblon,1700000,17000.0
950,2,2.0,1.0,60,Leblon,1050000,17500.0
1800,2,1.0,1.0,91,Leblon,2500000,27472.53
1600,2,2.0,1.0,92,Leblon,3000000,32608.7
1300,2,2.0,2.0,149,Leblon,2450000,16442.95
860,2,0.0,1.0,68,Leblon,1600000,23529.41
750,2,1.0,1.0,77,Leblon,1400000,18181.82
750,2,1.0,1.0,113,Leblon,2550000,22566.37
1200,2,1.0,1.0,76,Leblon,1290000,16973.68
1070,2,0.0,1.0,72,Leblon,920000,12777.78
650,2,1.0,1.0,70,Leblon,700000,10000.0
1300,2,1.0,1.0,66,Leblon,1365000,20681.82
1900,2,1.0,2.0,95,Leblon,1600000,16842.11
1100,2,2.0,1.0,68,Leblon,950000,13970.59
450,2,2.0,1.0,70,Leblon,1180000,16857.14
1050,2,1.0,1.0,65,Leblon,1050000,16153.85
500,3,0.0,1.0,90,Leblon,1350000,15000.0
3600,3,1.0,1.0,160,Leblon,4000000,25000.0
1200,3,1.0,1.0,120,Leblon,1700000,14166.67
1200,3,1.0,2.0,115,Leblon,1550000,13478.26
6500,3,1.0,2.0,260,Leblon,10500000,40384.62
1115,3,1.0,2.0,84,Leblon,1250000,14880.95
1350,3,1.0,1.0,96,Leblon,2300000,23958.33
600,3,1.0,1.0,85,Leblon,1700000,20000.0
1100,3,1.0,2.0,100,Leblon,2400000,24000.0
2009,3,1.0,1.0,104,Leblon,3500000,33653.85
2520,3,1.0,1.0,130,Leblon,2250000,17307.69
3080,3,1.0,2.0,156,Leblon,3400000,21794.87
1400,3,1.0,1.0,120,Leblon,2100000,17500.0
1500,3,1.0,1.0,182,Leblon,3080000,16923.08
2250,3,1.0,2.0,128,Leblon,2980000,23281.25
4000,3,1.0,2.0,160,Leblon,5900000,36875.0
1060,3,1.0,1.0,85,Leblon,1950000,22941.18
1700,3,2.0,2.0,100,Leblon,1690000,16900.0
1400,3,2.0,1.0,110,Leblon,2100000,19090.91
1680,3,3.0,2.0,130,Leblon,4000000,30769.23
1000,3,1.0,1.0,94,Leblon,2190000,23297.87
1600,3,1.0,1.0,132,Leblon,2650000,20075.76
800,3,2.0,1.0,90,Leblon,1850000,20555.56
1124,3,1.0,1.0,145,Leblon,2490000,17172.41
1500,3,3.0,2.0,137,Leblon,3200000,23357.66
1050,3,1.0,1.0,131,Leblon,2599000,19839.69
1200,3,1.0,1.0,88,Leblon,1550000,17613.64
1080,3,1.0,1.0,105,Leblon,1650000,15714.29
2500,3,1.0,2.0,220,Leblon,6500000,29545.45
1880,3,1.0,1.0,140,Leblon,3640000,26000.0
900,3,1.0,1.0,130,Leblon,2107000,16207.69
709,3,1.0,1.0,80,Leblon,1750000,21875.0
951,3,1.0,1.0,100,Leblon,1800000,18000.0
1600,3,1.0,1.0,95,Leblon,2100000,22105.26
1127,3,1.0,1.0,100,Leblon,1950000,19500.0
3300,3,1.0,1.0,105,Leblon,2390000,22761.9
2250,3,1.0,2.0,150,Leblon,2740000,18266.67
1200,3,1.0,1.0,100,Leblon,2090000,20900.0
330,1,1.0,1.0,38,Tijuca,389999,10263.13
480,1,1.0,1.0,50,Tijuca,400000,8000.0
500,1,1.0,1.0,56,Tijuca,370000,6607.14
550,1,1.0,1.0,37,Tijuca,318000,8594.59
411,1,1.0,1.0,48,Tijuca,230000,4791.67
385,1,1.0,1.0,58,Tijuca,370000,6379.31
655,1,1.0,1.0,50,Tijuca,400000,8000.0
456,1,1.0,1.0,33,Tijuca,330000,10000.0
315,1,1.0,1.0,50,Tijuca,224999,4499.98
490,1,1.0,1.0,46,Tijuca,430000,9347.83
450,1,0.0,1.0,40,Tijuca,339000,8475.0
450,1,1.0,1.0,46,Tijuca,320000,6956.52
500,1,1.0,1.0,54,Tijuca,365000,6759.26
380,1,1.0,1.0,41,Tijuca,320000,7804.88
550,1,1.0,1.0,61,Tijuca,470000,7704.92
420,1,1.0,1.0,50,Tijuca,340000,6800.0
690,1,1.0,1.0,60,Tijuca,400000,6666.67
500,1,1.0,1.0,38,Tijuca,249999,6578.92
300,1,1.0,1.0,41,Tijuca,320000,7804.88
265,1,1.0,1.0,44,Tijuca,330000,7500.0
715,1,1.0,1.0,64,Tijuca,370000,5781.25
270,1,1.0,1.0,44,Tijuca,420000,9545.45
350,1,1.0,1.0,50,Tijuca,320000,6400.0
480,1,1.0,1.0,48,Tijuca,340000,7083.33
380,1,1.0,1.0,36,Tijuca,420000,11666.67
286,1,1.0,1.0,49,Tijuca,205000,4183.67
286,1,1.0,1.0,40,Tijuca,215000,5375.0
645,2,1.0,1.0,74,Tijuca,540000,7297.3
650,2,1.0,1.0,74,Tijuca,630000,8513.51
330,2,1.0,1.0,60,Tijuca,420000,7000.0
550,2,1.0,1.0,60,Tijuca,399000,6650.0
813,2,1.0,1.0,69,Tijuca,360000,5217.39
970,2,1.0,1.0,67,Tijuca,405000,6044.78
900,2,1.0,1.0,80,Tijuca,550000,6875.0
550,2,1.0,1.0,71,Tijuca,770000,10845.07
890,2,1.0,1.0,64,Tijuca,400000,6250.0
423,2,1.0,1.0,73,Tijuca,365000,5000.0
700,2,1.0,1.0,69,Tijuca,555000,8043.48
380,2,1.0,1.0,70,Tijuca,550000,7857.14
460,2,1.0,1.0,70,Tijuca,295000,4214.29
350,2,1.0,1.0,52,Tijuca,335000,6442.31
500,2,1.0,1.0,57,Tijuca,370000,6491.23
500,2,1.0,1.0,60,Tijuca,540000,9000.0
700,2,1.0,1.0,70,Tijuca,400000,5714.29
850,2,1.0,1.0,75,Tijuca,455000,6066.67
550,2,1.0,1.0,90,Tijuca,500000,5555.56
590,2,1.0,1.0,73,Tijuca,650000,8904.11
744,2,1.0,1.0,84,Tijuca,600000,7142.86
390,2,1.0,1.0,50,Tijuca,244000,4880.0
736,2,1.0,1.0,92,Tijuca,650000,7065.22
470,2,1.0,1.0,72,Tijuca,419000,5819.44
885,2,1.0,1.0,78,Tijuca,580000,7435.9
640,2,1.0,1.0,70,Tijuca,600000,8571.43
600,2,1.0,1.0,86,Tijuca,550000,6395.35
1100,2,1.0,1.0,98,Tijuca,730000,7448.98
250,2,2.0,1.0,108,Tijuca,870000,8055.56
714,2,1.0,1.0,75,Tijuca,560000,7466.67
330,2,1.0,1.0,50,Tijuca,360000,7200.0
281,2,1.0,1.0,72,Tijuca,430000,5972.22
850,2,1.0,1.0,80,Tijuca,550000,6875.0
480,2,1.0,1.0,70,Tijuca,525000,7500.0
472,2,1.0,1.0,68,Tijuca,766000,11264.71
738,2,1.0,1.0,87,Tijuca,650000,7471.26
750,2,1.0,1.0,75,Tijuca,620000,8266.67
480,2,1.0,1.0,65,Tijuca,570000,8769.23
566,2,1.0,1.0,90,Tijuca,500000,5555.56
1200,2,1.0,1.0,70,Tijuca,700000,10000.0
621,2,1.0,1.0,90,Tijuca,530000,5888.89
712,2,1.0,1.0,75,Tijuca,630000,8400.0
650,2,1.0,1.0,87,Tijuca,650000,7471.26
1100,3,1.0,1.0,134,Tijuca,695000,5186.57
406,3,1.0,1.0,80,Tijuca,430000,5375.0
890,3,1.0,2.0,139,Tijuca,1100000,7913.67
1300,3,2.0,2.0,108,Tijuca,400000,3703.7
485,3,1.0,1.0,85,Tijuca,490000,5764.71
420,3,1.0,1.0,120,Tijuca,660000,5500.0
810,3,1.0,1.0,130,Tijuca,699000,5376.92
900,3,1.0,1.0,88,Tijuca,500000,5681.82
500,3,1.0,1.0,95,Tijuca,650000,6842.11
597,3,1.0,2.0,110,Tijuca,670000,6090.91
190,3,1.0,1.0,80,Tijuca,510000,6375.0
780,3,1.0,1.0,120,Tijuca,780000,6500.0
1000,3,1.0,2.0,180,Tijuca,1290000,7166.67
588,3,1.0,1.0,98,Tijuca,1100000,11224.49
1000,3,1.0,1.0,108,Tijuca,750000,6944.44
600,3,1.0,1.0,85,Tijuca,480000,5647.06
1370,3,1.0,2.0,130,Tijuca,1050000,8076.92
900,3,1.0,1.0,100,Tijuca,750000,7500.0
730,3,1.0,1.0,90,Tijuca,550000,6111.11
910,3,1.0,1.0,144,Tijuca,980000,6805.56
1000,3,1.0,2.0,125,Tijuca,825000,6600.0
1050,3,1.0,2.0,95,Tijuca,899000,9463.16
1100,3,1.0,2.0,110,Tijuca,850000,7727.27
400,3,1.0,1.0,116,Tijuca,500000,4310.34
566,3,1.0,1.0,82,Tijuca,420000,5121.95
950,3,1.0,1.0,105,Tijuca,730000,6952.38
880,3,1.0,1.0,100,Tijuca,800000,8000.0
700,3,1.0,1.0,85,Tijuca,625000,7352.94
670,3,1.0,1.0,80,Tijuca,620000,7750.0
880,3,1.0,2.0,120,Tijuca,750000,6250.0
760,3,1.0,1.0,86,Tijuca,550000,6395.35
686,3,1.0,1.0,105,Tijuca,490000,4666.67
450,3,0.0,1.0,72,Tijuca,435000,6041.67
1100,3,1.0,1.0,119,Tijuca,429900,3612.61
1500,3,1.0,2.0,125,Tijuca,1280000,10240.0
1000,3,1.0,2.0,103,Tijuca,800000,7766.99
1850,3,1.0,2.0,166,Tijuca,1600000,9638.55
1500,3,1.0,2.0,151,Tijuca,1400000,9271.52
1000,3,1.0,2.0,110,Tijuca,810000,7363.64
500,3,1.0,2.0,124,Tijuca,1100000,8870.97
675,3,1.0,1.0,155,Tijuca,658000,4245.16
465,1,1.0,1.0,48,Botafogo,560000,11666.67
895,1,1.0,1.0,60,Botafogo,629000,10483.33
358,1,1.0,1.0,28,Botafogo,560000,20000.0
500,1,1.0,1.0,41,Botafogo,550000,13414.63
350,1,1.0,1.0,21,Botafogo,340000,16190.48
350,1,1.0,1.0,34,Botafogo,425000,12500.0
674,1,1.0,1.0,61,Botafogo,600000,9836.07
700,1,1.0,1.0,70,Botafogo,700000,10000.0
947,1,1.0,1.0,40,Botafogo,599000,14975.0
1550,1,1.0,1.0,44,Botafogo,680000,15454.55
500,1,1.0,1.0,30,Botafogo,385000,12833.33
1000,1,1.0,1.0,54,Botafogo,740000,13703.7
552,1,0.0,1.0,67,Botafogo,790000,11791.04
360,1,1.0,1.0,45,Botafogo,530000,11777.78
495,1,1.0,1.0,54,Botafogo,515000,9537.04
400,1,1.0,1.0,50,Botafogo,575000,11500.0
500,1,1.0,1.0,38,Botafogo,430000,11315.79
500,1,0.0,1.0,47,Botafogo,670000,14255.32
600,1,1.0,1.0,45,Botafogo,500000,11111.11
465,1,1.0,1.0,50,Botafogo,570000,11400.0
430,1,1.0,1.0,40,Botafogo,399000,9975.0
130,1,1.0,1.0,50,Botafogo,130000,2600.0
1000,1,1.0,1.0,54,Botafogo,750000,13888.89
280,1,1.0,1.0,65,Botafogo,578000,8892.31
608,1,1.0,1.0,52,Botafogo,550000,10576.92
500,1,1.0,1.0,30,Botafogo,275000,9166.67
400,1,1.0,1.0,37,Botafogo,420000,11351.35
410,1,1.0,1.0,43,Botafogo,600000,13953.49
1071,1,1.0,1.0,44,Botafogo,568000,12909.09
1000,1,1.0,1.0,81,Botafogo,1250000,15432.1
1100,2,1.0,1.0,90,Botafogo,1350000,15000.0
927,2,2.0,1.0,64,Botafogo,760000,11875.0
500,2,2.0,1.0,78,Botafogo,990000,12692.31
996,2,1.0,1.0,97,Botafogo,1190000,12268.04
1500,2,1.0,1.0,68,Botafogo,950000,13970.59
1200,2,1.0,2.0,68,Botafogo,950000,13970.59
850,2,1.0,1.0,98,Botafogo,960000,9795.92
300,2,1.0,1.0,66,Botafogo,590000,8939.39
977,2,2.0,1.0,76,Botafogo,1152000,15157.89
1200,2,1.0,1.0,83,Botafogo,1250000,15060.24
650,2,1.0,1.0,76,Botafogo,670000,8815.79
1100,2,1.0,1.0,79,Botafogo,799000,10113.92
1300,2,1.0,1.0,86,Botafogo,1000000,11627.91
600,2,1.0,1.0,70,Botafogo,720000,10285.71
760,2,1.0,1.0,76,Botafogo,890000,11710.53
950,2,1.0,1.0,75,Botafogo,1150000,15333.33
860,2,2.0,1.0,76,Botafogo,1050000,13815.79
859,2,1.0,1.0,83,Botafogo,1400000,16867.47
936,2,1.0,1.0,70,Botafogo,1080000,15428.57
520,2,1.0,1.0,75,Botafogo,519000,6920.0
790,2,1.0,1.0,71,Botafogo,950000,13380.28
580,2,1.0,1.0,65,Botafogo,830000,12769.23
1000,2,1.0,1.0,88,Botafogo,995000,11306.82
920,2,1.0,1.0,70,Botafogo,1080000,15428.57
630,2,1.0,1.0,70,Botafogo,600000,8571.43
970,2,1.0,1.0,75,Botafogo,980000,13066.67
350,2,1.0,1.0,64,Botafogo,600000,9375.0
1500,2,1.0,2.0,80,Botafogo,1300000,16250.0
900,2,1.0,1.0,90,Botafogo,980000,10888.89
990,2,1.0,1.0,86,Botafogo,650000,7558.14
770,2,1.0,1.0,60,Botafogo,550000,9166.67
450,2,1.0,1.0,117,Botafogo,800000,6837.61
840,2,1.0,1.0,74,Botafogo,930000,12567.57
450,2,1.0,1.0,68,Botafogo,480000,7058.82
900,2,1.0,1.0,71,Botafogo,1370000,19295.77
1692,3,1.0,2.0,94,Botafogo,1584000,16851.06
1684,3,3.0,1.0,212,Botafogo,1990000,9386.79
2400,3,2.0,1.0,210,Botafogo,2740000,13047.62
590,3,1.0,1.0,90,Botafogo,1050000,11666.67
900,3,1.0,1.0,85,Botafogo,1199999,14117.64
1400,3,1.0,1.0,144,Botafogo,1199999,8333.33
1350,3,1.0,2.0,135,Botafogo,1625000,12037.04
1000,3,1.0,1.0,83,Botafogo,900000,10843.37
1400,3,2.0,1.0,90,Botafogo,1200000,13333.33
1400,3,1.0,2.0,110,Botafogo,1550000,14090.91
1700,3,1.0,2.0,113,Botafogo,1400000,12389.38
600,3,1.0,1.0,84,Botafogo,980000,11666.67
1200,3,1.0,2.0,110,Botafogo,1827000,16609.09
1200,3,1.0,1.0,100,Botafogo,1550000,15500.0
900,3,1.0,1.0,104,Botafogo,1070000,10288.46
1100,3,1.0,1.0,83,Botafogo,970000,11686.75
900,3,3.0,2.0,124,Botafogo,1600000,12903.23
1260,3,2.0,2.0,115,Botafogo,1650000,14347.83
1050,3,1.0,1.0,91,Botafogo,1150000,12637.36
710,3,3.0,1.0,90,Botafogo,950000,10555.56
780,3,1.0,1.0,105,Botafogo,1050000,10000.0
1630,3,3.0,2.0,148,Botafogo,2700000,18243.24
1400,3,1.0,1.0,98,Botafogo,1250000,12755.1
1300,3,1.0,1.0,120,Botafogo,980000,8166.67
1150,3,1.0,1.0,96,Botafogo,870000,9062.5
500,3,1.0,1.0,105,Botafogo,1280000,12190.48
1400,3,1.0,2.0,100,Botafogo,1530000,15300.0
200,3,1.0,2.0,109,Botafogo,798000,7321.1
1300,3,1.0,2.0,120,Botafogo,1650000,13750.0
1500,3,1.0,1.0,110,Botafogo,1550000,14090.91
880,3,3.0,1.0,71,Botafogo,1060000,14929.58
1133,3,1.0,1.0,122,Botafogo,1820000,14918.03
1050,3,1.0,1.0,105,Botafogo,920000,8761.9
700,3,0.0,0.0,89,Botafogo,850000,9550.56
290,3,1.0,1.0,110,Botafogo,640000,5818.18
1540,3,1.0,1.0,200,Botafogo,2990000,14950.0
500,1,0.0,0.0,22,Copacabana,265000,12045.45
410,1,1.0,1.0,37,Copacabana,545000,14729.73
650,1,0.0,1.0,40,Copacabana,700000,17500.0
1150,1,1.0,1.0,50,Copacabana,740000,14800.0
590,1,1.0,1.0,37,Copacabana,560000,15135.14
484,1,1.0,1.0,33,Copacabana,450000,13636.36
650,1,1.0,1.0,60,Copacabana,650000,10833.33
390,1,1.0,1.0,31,Copacabana,515000,16612.9
500,1,1.0,1.0,45,Copacabana,600000,13333.33
390,1,1.0,1.0,40,Copacabana,400000,10000.0
380,1,1.0,1.0,40,Copacabana,445000,11125.0
413,1,1.0,1.0,32,Copacabana,400000,12500.0
390,1,1.0,1.0,31,Copacabana,430000,13870.97
520,1,1.0,1.0,25,Copacabana,270000,10800.0
420,1,1.0,1.0,25,Copacabana,355000,14200.0
550,1,0.0,0.0,48,Copacabana,570000,11875.0
540,1,0.0,0.0,35,Copacabana,470000,13428.57
1500,1,1.0,1.0,35,Copacabana,895000,25571.43
362,1,1.0,1.0,26,Copacabana,449000,17269.23
370,1,1.0,1.0,30,Copacabana,360000,12000.0
650,1,1.0,1.0,55,Copacabana,599000,10890.91
400,1,1.0,1.0,45,Copacabana,550000,12222.22
550,1,1.0,1.0,48,Copacabana,630000,13125.0
515,1,1.0,1.0,36,Copacabana,300000,8333.33
520,1,1.0,1.0,38,Copacabana,400000,10526.32
500,1,1.0,1.0,55,Copacabana,585000,10636.36
650,1,0.0,0.0,48,Copacabana,520000,10833.33
560,1,1.0,1.0,39,Copacabana,450000,11538.46
350,1,1.0,1.0,40,Copacabana,390000,9750.0
520,1,1.0,1.0,56,Copacabana,635000,11339.29
650,1,1.0,1.0,60,Copacabana,580000,9666.67
660,1,1.0,1.0,48,Copacabana,450000,9375.0
600,1,1.0,1.0,60,Copacabana,480000,8000.0
450,1,1.0,1.0,23,Copacabana,239000,10391.3
480,1,1.0,1.0,45,Copacabana,515000,11444.44
650,1,1.0,1.0,30,Copacabana,520000,17333.33
535,1,1.0,1.0,60,Copacabana,725000,12083.33
1000,2,1.0,1.0,90,Copacabana,862000,9577.78
1000,2,1.0,1.0,120,Copacabana,840000,7000.0
500,2,2.0,1.0,75,Copacabana,1680000,22400.0
1000,2,1.0,1.0,91,Copacabana,860000,9450.55
750,2,1.0,1.0,77,Copacabana,900000,11688.31
800,2,0.0,1.0,80,Copacabana,820000,10250.0
700,2,1.0,1.0,75,Copacabana,800000,10666.67
1500,2,1.0,1.0,150,Copacabana,1300000,8666.67
684,2,1.0,1.0,70,Copacabana,950000,13571.43
699,2,1.0,1.0,73,Copacabana,1050000,14383.56
821,2,1.0,1.0,75,Copacabana,1190000,15866.67
650,2,1.0,2.0,80,Copacabana,820000,10250.0
715,2,1.0,1.0,110,Copacabana,735000,6681.82
500,2,1.0,1.0,70,Copacabana,715000,10214.29
950,2,1.0,1.0,98,Copacabana,1980000,20204.08
700,2,1.0,1.0,80,Copacabana,710000,8875.0
945,2,1.0,1.0,71,Copacabana,950000,13380.28
650,2,1.0,2.0,80,Copacabana,900000,11250.0
740,2,1.0,1.0,75,Copacabana,776000,10346.67
1000,2,1.0,1.0,100,Copacabana,940000,9400.0
500,2,1.0,1.0,48,Copacabana,510000,10625.0
600,2,1.0,1.0,80,Copacabana,834000,10425.0
850,2,2.0,1.0,88,Copacabana,820000,9318.18
693,2,1.0,1.0,65,Copacabana,580000,8923.08
850,2,1.0,1.0,79,Copacabana,1099000,13911.39
630,2,1.0,1.0,84,Copacabana,780000,9285.71
700,2,2.0,1.0,70,Copacabana,790000,11285.71
735,2,1.0,1.0,75,Copacabana,1150000,15333.33
1100,2,1.0,1.0,100,Copacabana,1582000,15820.0
1275,2,1.0,1.0,60,Copacabana,1200000,20000.0
800,2,2.0,1.0,65,Copacabana,1250000,19230.77
650,2,1.0,1.0,70,Copacabana,735000,10500.0
2200,2,2.0,1.0,209,Copacabana,1500000,7177.03
545,2,1.0,1.0,80,Copacabana,810000,10125.0
605,2,1.0,1.0,65,Copacabana,735000,11307.69
820,2,1.0,1.0,83,Copacabana,990000,11927.71
2000,2,2.0,1.0,72,Copacabana,740000,10277.78
1356,2,1.0,1.0,67,Copacabana,850000,12686.57
980,3,0.0,0.0,120,Copacabana,960000,8000.0
850,3,1.0,1.0,190,Copacabana,1450000,7631.58
1980,3,2.0,1.0,210,Copacabana,1680000,8000.0
850,3,1.0,1.0,110,Copacabana,990000,9000.0
837,3,1.0,1.0,105,Copacabana,1600000,15238.1
1939,3,1.0,1.0,230,Copacabana,3990000,17347.83
1000,3,1.0,1.0,100,Copacabana,985000,9850.0
1400,3,1.0,1.0,127,Copacabana,1350000,10629.92
1050,3,2.0,1.0,100,Copacabana,875000,8750.0
900,3,1.0,1.0,101,Copacabana,1100000,10891.09
2600,3,2.0,2.0,200,Copacabana,2390000,11950.0
1025,3,1.0,1.0,98,Copacabana,1099999,11224.48
1300,3,1.0,1.0,133,Copacabana,1250000,9398.5
3600,3,1.0,2.0,300,Copacabana,5280000,17600.0
2100,3,1.0,1.0,188,Copacabana,3900000,20744.68
2887,3,2.0,1.0,170,Copacabana,1950000,11470.59
860,3,1.0,1.0,100,Copacabana,1050000,10500.0
959,3,1.0,1.0,92,Copacabana,1195000,12989.13
1350,3,1.0,1.0,90,Copacabana,1100000,12222.22
1300,3,1.0,2.0,100,Copacabana,1080000,10800.0
3500,3,1.0,1.0,344,Copacabana,11000000,31976.74
1380,3,1.0,1.0,148,Copacabana,950000,6418.92
1200,3,1.0,1.0,90,Copacabana,1100000,12222.22
1450,3,1.0,1.0,122,Copacabana,1400000,11475.41
1300,3,3.0,1.0,173,Copacabana,1980000,11445.09
840,3,1.0,1.0,96,Copacabana,730000,7604.17
1180,3,1.0,1.0,120,Copacabana,850000,7083.33
1640,3,1.0,1.0,195,Copacabana,1600000,8205.13
1500,3,1.0,1.0,152,Copacabana,1300000,8552.63
890,3,1.0,1.0,124,Copacabana,920000,7419.35
927,3,1.0,1.0,100,Copacabana,890000,8900.0
1415,3,1.0,1.0,150,Copacabana,11500000,76666.67
800,3,1.0,1.0,75,Copacabana,950000,12666.67
1210,3,1.0,1.0,118,Copacabana,1430000,12118.64
1888,3,1.0,1.0,167,Copacabana,1850000,11077.84
1900,3,1.0,1.0,200,Copacabana,1400000,7000.0
1800,3,2.0,2.0,274,Copacabana,2450000,8941.61
798,3,0.0,0.0,110,Copacabana,950000,8636.36
2000,3,1.0,2.0,290,Copacabana,3000000,10344.83
1200,3,1.0,1.0,108,Copacabana,795000,7361.11
700,3,3.0,1.0,180,Copacabana,2300000,12777.78
1000,3,1.0,1.0,98,Copacabana,1490000,15204.08
805,3,1.0,2.0,83,Copacabana,750000,9036.14
1000,3,1.0,4.0,175,Copacabana,1890000,10800.0
909,3,1.0,1.0,110,Copacabana,1000000,9090.91
1800,3,1.0,1.0,190,Copacabana,2200000,11578.95
1400,3,1.0,1.0,133,Copacabana,1350000,10150.38
400,1,1.0,1.0,40,Gávea,750000,18750.0
350,1,1.0,1.0,37,Gávea,590000,15945.95
420,1,1.0,1.0,35,Gávea,750000,21428.57
290,1,1.0,1.0,36,Gávea,840000,23333.33
750,1,1.0,1.0,35,Gávea,470000,13428.57
770,1,1.0,1.0,50,Gávea,1080000,21600.0
785,1,1.0,1.0,50,Gávea,950000,19000.0
550,1,1.0,1.0,54,Gávea,810000,15000.0
890,1,1.0,1.0,62,Gávea,895000,14435.48
730,1,1.0,1.0,58,Gávea,850000,14655.17
700,1,1.0,1.0,55,Gávea,620000,11272.73
655,1,1.0,1.0,73,Gávea,1450000,19863.01
665,1,1.0,1.0,54,Gávea,700000,12962.96
500,1,1.0,1.0,37,Gávea,490000,13243.24
700,1,1.0,1.0,60,Gávea,830000,13833.33
800,1,1.0,1.0,40,Gávea,620000,15500.0
700,1,1.0,1.0,58,Gávea,850000,14655.17
600,1,1.0,1.0,40,Gávea,500000,12500.0
230,1,1.0,1.0,37,Gávea,510000,13783.78
815,2,1.0,1.0,80,Gávea,1280000,16000.0
1184,2,2.0,2.0,142,Gávea,1950000,13732.39
800,2,1.0,1.0,58,Gávea,1365000,23534.48
1200,2,1.0,1.0,85,Gávea,1800000,21176.47
1000,2,1.0,1.0,80,Gávea,1600000,20000.0
890,2,1.0,1.0,95,Gávea,1590000,16736.84
815,2,1.0,1.0,95,Gávea,1800000,18947.37
1100,2,1.0,1.0,80,Gávea,1700000,21250.0
975,2,1.0,1.0,80,Gávea,1399000,17487.5
1100,2,1.0,1.0,76,Gávea,1750000,23026.32
1000,2,2.0,1.0,84,Gávea,1380000,16428.57
1025,2,1.0,1.0,76,Gávea,1790000,23552.63
1133,2,1.0,1.0,87,Gávea,1400000,16091.95
920,2,1.0,1.0,70,Gávea,980000,14000.0
1250,2,1.0,1.0,90,Gávea,1789000,19877.78
987,2,0.0,1.0,78,Gávea,1250000,16025.64
987,2,1.0,1.0,80,Gávea,1388000,17350.0
260,2,2.0,1.0,90,Gávea,790000,8777.78
1200,2,1.0,1.0,65,Gávea,1250000,19230.77
700,2,1.0,1.0,70,Gávea,1330000,19000.0
650,2,1.0,1.0,59,Gávea,850000,14406.78
980,2,1.0,1.0,75,Gávea,1325000,17666.67
1183,2,1.0,2.0,73,Gávea,1600000,21917.81
550,2,0.0,1.0,72,Gávea,970000,13472.22
800,2,1.0,1.0,89,Gávea,980000,11011.24
850,3,1.0,2.0,105,Gávea,1890000,18000.0
1300,3,1.0,2.0,136,Gávea,2100000,15441.18
1329,3,1.0,2.0,126,Gávea,1900000,15079.37
1300,3,1.0,2.0,100,Gávea,1650000,16500.0
2813,3,1.0,2.0,260,Gávea,5100000,19615.38
1100,3,1.0,1.0,140,Gávea,2000000,14285.71
1380,3,1.0,2.0,135,Gávea,2350000,17407.41
2500,3,2.0,2.0,160,Gávea,2450000,15312.5
1400,3,2.0,1.0,92,Gávea,1650000,17934.78
1600,3,1.0,1.0,138,Gávea,1880000,13623.19
1160,3,1.0,1.0,103,Gávea,1500000,14563.11
1450,3,1.0,2.0,140,Gávea,2200000,15714.29
680,3,1.0,2.0,110,Gávea,2200000,20000.0
740,3,1.0,1.0,97,Gávea,1250000,12886.6
1500,3,3.0,3.0,123,Gávea,2500000,20325.2
1300,3,1.0,2.0,113,Gávea,1990000,17610.62
680,3,1.0,2.0,110,Gávea,2200000,20000.0
1350,3,1.0,1.0,94,Gávea,1650000,17553.19
1600,3,1.0,1.0,120,Gávea,1750000,14583.33
900,3,1.0,1.0,140,Gávea,1970000,14071.43
1800,3,3.0,2.0,144,Gávea,2650000,18402.78
1283,3,1.0,2.0,123,Gávea,2100000,17073.17
1180,3,2.0,1.0,87,Gávea,1480000,17011.49
800,1,1.0,1.0,65,Grajaú,430000,6615.38
450,1,1.0,1.0,54,Grajaú,290000,5370.37
350,1,1.0,1.0,55,Grajaú,350000,6363.64
330,1,1.0,1.0,55,Grajaú,355000,6454.55
440,1,0.0,1.0,50,Grajaú,340000,6800.0
570,1,0.0,1.0,52,Grajaú,370000,7115.38
230,1,0.0,0.0,35,Grajaú,285000,8142.86
370,1,0.0,1.0,61,Grajaú,380000,6229.51
500,1,1.0,1.0,38,Grajaú,249999,6578.92
580,1,1.0,1.0,55,Grajaú,300000,5454.55
620,1,0.0,1.0,60,Grajaú,320000,5333.33
345,1,1.0,1.0,49,Grajaú,294000,6000.0
470,1,1.0,1.0,53,Grajaú,300000,5660.38
600,1,1.0,1.0,52,Grajaú,370000,7115.38
500,1,1.0,1.0,53,Grajaú,454500,8575.47
570,1,1.0,1.0,52,Grajaú,370000,7115.38
350,1,0.0,0.0,48,Grajaú,300000,6250.0
550,1,1.0,1.0,60,Grajaú,159000,2650.0
468,1,1.0,1.0,50,Grajaú,435000,8700.0
450,2,1.0,1.0,71,Grajaú,370000,5211.27
400,2,1.0,1.0,61,Grajaú,370000,6065.57
7071,2,1.0,1.0,80,Grajaú,570000,7125.0
670,2,1.0,1.0,76,Grajaú,720000,9473.68
706,2,1.0,1.0,70,Grajaú,550000,7857.14
661,2,1.0,1.0,75,Grajaú,450000,6000.0
390,2,1.0,1.0,75,Grajaú,295000,3933.33
650,2,1.0,1.0,86,Grajaú,650000,7558.14
817,2,1.0,1.0,77,Grajaú,390000,5064.94
580,2,1.0,1.0,67,Grajaú,598000,8925.37
700,2,1.0,1.0,80,Grajaú,734999,9187.49
710,2,1.0,1.0,76,Grajaú,600000,7894.74
200,2,1.0,1.0,100,Grajaú,398000,3980.0
669,2,1.0,1.0,70,Grajaú,550000,7857.14
473,2,1.0,1.0,64,Grajaú,570000,8906.25
640,2,1.0,1.0,70,Grajaú,435000,6214.29
600,2,1.0,1.0,75,Grajaú,400000,5333.33
307,2,1.0,1.0,39,Grajaú,285000,7307.69
320,2,1.0,1.0,65,Grajaú,460000,7076.92
690,2,1.0,1.0,77,Grajaú,499000,6480.52
600,2,1.0,1.0,80,Grajaú,429000,5362.5
700,2,1.0,1.0,90,Grajaú,625000,6944.44
560,2,1.0,1.0,66,Grajaú,380000,5757.58
690,2,1.0,1.0,74,Grajaú,499999,6756.74
250,2,1.0,0.0,66,Grajaú,250000,3787.88
1206,2,1.0,1.0,77,Grajaú,450000,5844.16
250,2,0.0,0.0,60,Grajaú,305000,5083.33
500,2,2.0,1.0,70,Grajaú,599000,8557.14
850,2,1.0,1.0,100,Grajaú,660000,6600.0
920,2,1.0,2.0,90,Grajaú,730000,8111.11
990,3,1.0,1.0,120,Grajaú,630000,5250.0
780,3,1.0,2.0,120,Grajaú,580000,4833.33
1065,3,1.0,1.0,125,Grajaú,490000,3920.0
500,3,1.0,1.0,93,Grajaú,450000,4838.71
930,3,1.0,2.0,150,Grajaú,894000,5960.0
560,3,1.0,1.0,85,Grajaú,535000,6294.12
1000,3,1.0,2.0,105,Grajaú,765000,7285.71
950,3,1.0,1.0,108,Grajaú,690000,6388.89
1150,3,1.0,1.0,115,Grajaú,770000,6695.65
890,3,1.0,2.0,130,Grajaú,560000,4307.69
792,3,1.0,1.0,94,Grajaú,630000,6702.13
720,3,1.0,3.0,120,Grajaú,570000,4750.0
907,3,1.0,2.0,170,Grajaú,800000,4705.88
200,3,1.0,1.0,102,Grajaú,450000,4411.76
400,3,1.0,1.0,95,Grajaú,580000,6105.26
900,3,1.0,2.0,105,Grajaú,885500,8433.33
420,3,1.0,3.0,85,Grajaú,340000,4000.0
1113,3,1.0,2.0,120,Grajaú,749000,6241.67
890,3,1.0,2.0,130,Grajaú,700000,5384.62
195,3,1.0,1.0,120,Grajaú,620000,5166.67
780,3,1.0,1.0,89,Grajaú,530000,5955.06
750,3,1.0,1.0,130,Grajaú,890000,6846.15
400,3,1.0,1.0,114,Grajaú,650000,5701.75
560,3,1.0,2.0,93,Grajaú,370000,3978.49
200,3,1.0,1.0,110,Grajaú,580000,5272.73
630,3,1.0,2.0,102,Grajaú,650000,6372.55
834,3,1.0,2.0,70,Grajaú,900000,12857.14
510,3,1.0,1.0,80,Grajaú,380000,4750.0
1294,1,1.0,1.0,43,Ipanema,890000,20697.67
380,1,1.0,1.0,48,Ipanema,770000,16041.67
425,1,1.0,1.0,45,Ipanema,1600000,35555.56
1700,1,1.0,1.0,45,Ipanema,1000000,22222.22
550,1,1.0,1.0,19,Ipanema,630000,33157.89
500,1,1.0,1.0,50,Ipanema,649000,12980.0
468,1,1.0,1.0,75,Ipanema,1390000,18533.33
1613,1,1.0,1.0,39,Ipanema,1150000,29487.18
600,1,1.0,1.0,30,Ipanema,499000,16633.33
1518,1,1.0,1.0,65,Ipanema,1180000,18153.85
700,1,1.0,1.0,48,Ipanema,750000,15625.0
2200,1,1.0,1.0,53,Ipanema,950000,17924.53
700,1,1.0,1.0,46,Ipanema,620000,13478.26
1750,1,1.0,1.0,50,Ipanema,900000,18000.0
650,1,1.0,1.0,50,Ipanema,779000,15580.0
1045,1,1.0,2.0,108,Ipanema,1700000,15740.74
550,1,1.0,1.0,38,Ipanema,659000,17342.11
400,1,1.0,1.0,26,Ipanema,530000,20384.62
550,1,1.0,2.0,36,Ipanema,649000,18027.78
1800,1,1.0,1.0,50,Ipanema,1350000,27000.0
400,1,1.0,1.0,23,Ipanema,530000,23043.48
492,1,1.0,1.0,38,Ipanema,750000,19736.84
490,1,1.0,1.0,28,Ipanema,700000,25000.0
390,1,1.0,1.0,37,Ipanema,910000,24594.59
715,1,1.0,1.0,56,Ipanema,1050000,18750.0
900,1,1.0,1.0,40,Ipanema,890000,22250.0
600,2,1.0,1.0,85,Ipanema,1200000,14117.65
3500,2,2.0,1.0,92,Ipanema,3500000,38043.48
700,2,1.0,1.0,67,Ipanema,1550000,23134.33
800,2,2.0,1.0,80,Ipanema,1600000,20000.0
1100,2,1.0,1.0,70,Ipanema,1700000,24285.71
1000,2,1.0,1.0,81,Ipanema,1300001,16049.4
1885,2,1.0,2.0,147,Ipanema,3950000,26870.75
452,2,0.0,1.0,90,Ipanema,1380000,15333.33
1200,2,1.0,1.0,76,Ipanema,1700000,22368.42
700,2,1.0,1.0,70,Ipanema,980000,14000.0
800,2,0.0,1.0,75,Ipanema,1150000,15333.33
1700,2,1.0,1.0,87,Ipanema,2420000,27816.09
780,2,2.0,1.0,60,Ipanema,699000,11650.0
814,2,1.0,1.0,82,Ipanema,1500000,18292.68
700,2,2.0,1.0,78,Ipanema,1100000,14102.56
430,2,2.0,1.0,76,Ipanema,840000,11052.63
1200,2,1.0,2.0,71,Ipanema,1950000,27464.79
850,2,1.0,2.0,83,Ipanema,1900000,22891.57
924,2,2.0,1.0,85,Ipanema,1750000,20588.24
900,2,2.0,1.0,70,Ipanema,1350000,19285.71
1000,2,0.0,1.0,78,Ipanema,1050000,13461.54
3560,2,2.0,1.0,74,Ipanema,3000000,40540.54
1100,2,1.0,1.0,82,Ipanema,2100000,25609.76
600,2,0.0,1.0,65,Ipanema,950000,14615.38
1500,2,0.0,1.0,61,Ipanema,950000,15573.77
1200,2,2.0,1.0,88,Ipanema,1520000,17272.73
700,2,1.0,1.0,65,Ipanema,1190000,18307.69
3900,2,2.0,1.0,85,Ipanema,4000000,47058.82
900,3,1.0,1.0,115,Ipanema,1000000,8695.65
1700,3,1.0,1.0,110,Ipanema,1780000,16181.82
990,3,1.0,1.0,110,Ipanema,1580000,14363.64
490,3,1.0,1.0,126,Ipanema,1650000,13095.24
970,3,1.0,1.0,93,Ipanema,1290000,13870.97
600,3,1.0,1.0,92,Ipanema,1650000,17934.78
1500,3,2.0,1.0,124,Ipanema,2500000,20161.29
2309,3,1.0,2.0,190,Ipanema,7000000,36842.11
1000,3,1.0,1.0,115,Ipanema,1490000,12956.52
800,3,1.0,1.0,71,Ipanema,1150000,16197.18
2500,3,1.0,2.0,250,Ipanema,4500000,18000.0
2800,3,1.0,1.0,160,Ipanema,3000000,18750.0
1720,3,1.0,1.0,100,Ipanema,1900000,19000.0
950,3,1.0,2.0,110,Ipanema,1999000,18172.73
3200,3,3.0,3.0,300,Ipanema,13500000,45000.0
120,3,1.0,1.0,125,Ipanema,1789000,14312.0
1050,3,1.0,1.0,134,Ipanema,950000,7089.55
2700,3,1.0,2.0,134,Ipanema,2500000,18656.72
2800,3,2.0,1.0,186,Ipanema,5650000,30376.34
3200,3,1.0,2.0,107,Ipanema,3950000,36915.89
1517,3,2.0,1.0,110,Ipanema,1890000,17181.82
2270,3,1.0,1.0,107,Ipanema,2800000,26168.22
2500,3,1.0,2.0,153,Ipanema,2850000,18627.45
1300,3,1.0,1.0,95,Ipanema,1690000,17789.47
1200,3,1.0,1.0,105,Ipanema,900000,8571.43
5461,3,3.0,4.0,475,Ipanema,8900000,18736.84
4500,3,1.0,1.0,200,Ipanema,6500000,32500.0
2000,3,1.0,2.0,123,Ipanema,1850000,15040.65
2000,3,1.0,1.0,127,Ipanema,2900000,22834.65
1200,3,3.0,1.0,100,Ipanema,1350000,13500.0
1200,3,1.0,1.0,127,Ipanema,1400000,11023.62
1000,3,1.0,1.0,90,Ipanema,1480000,16444.44
1300,3,1.0,1.0,120,Ipanema,2500000,20833.33
2600,3,1.0,2.0,150,Ipanema,3700000,24666.67
2013,3,1.0,1.0,130,Ipanema,2350000,18076.92
1650,3,1.0,2.0,138,Ipanema,2700000,19565.22
1500,3,2.0,1.0,126,Ipanema,2780000,22063.49
1760,3,1.0,1.0,170,Ipanema,2500000,14705.88
1700,3,1.0,2.0,113,Ipanema,3200000,28318.58
600,1,1.0,1.0,46,Leblon,950000,20652.17
650,1,1.0,1.0,42,Leblon,1300000,30952.38
1100,1,1.0,1.0,60,Leblon,895000,14916.67
450,1,1.0,1.0,30,Leblon,690000,23000.0
750,1,1.0,1.0,60,Leblon,1049000,17483.33
1570,1,1.0,1.0,35,Leblon,1350000,38571.43
510,1,1.0,1.0,50,Leblon,765000,15300.0
620,1,1.0,1.0,51,Leblon,950000,18627.45
520,1,1.0,1.0,53,Leblon,850000,16037.74
350,1,1.0,1.0,38,Leblon,500000,13157.89
630,1,1.0,1.0,50,Leblon,740000,14800.0
800,1,1.0,1.0,25,Leblon,275000,11000.0
400,1,0.0,0.0,27,Leblon,445000,16481.48
552,1,1.0,1.0,27,Leblon,550000,20370.37
350,1,1.0,1.0,20,Leblon,580000,29000.0
440,1,1.0,1.0,30,Leblon,765000,25500.0
700,1,1.0,1.0,60,Leblon,1260000,21000.0
400,1,1.0,1.0,53,Leblon,980000,18490.57
570,1,1.0,1.0,55,Leblon,800000,14545.45
950,1,0.0,0.0,75,Leblon,1550000,20666.67
1680,1,1.0,1.0,44,Leblon,1250000,28409.09
500,1,1.0,1.0,44,Leblon,900000,20454.55
400,1,1.0,1.0,33,Leblon,1000000,30303.03
800,2,1.0,1.0,111,Leblon,2300000,20720.72
600,2,1.0,1.0,55,Leblon,1200000,21818.18
1700,2,1.0,1.0,90,Leblon,2300000,25555.56
750,2,1.0,1.0,77,Leblon,1400000,18181.82
1036,2,2.0,1.0,65,Leblon,1200000,18461.54
1200,2,1.0,1.0,110,Leblon,2200000,20000.0
1100,2,1.0,1.0,90,Leblon,1890000,21000.0
894,2,0.0,1.0,70,Leblon,1130000,16142.86
600,2,1.0,3.0,67,Leblon,798000,11910.45
1370,2,1.0,1.0,70,Leblon,1670000,23857.14
819,2,1.0,3.0,75,Leblon,1390000,18533.33
1800,2,1.0,1.0,91,Leblon,2500000,27472.53
600,2,1.0,1.0,103,Leblon,1650000,16019.42
1200,2,1.0,2.0,111,Leblon,2000000,18018.02
1100,2,2.0,1.0,90,Leblon,1980000,22000.0
860,2,0.0,1.0,68,Leblon,1600000,23529.41
900,2,1.0,1.0,91,Leblon,1500000,16483.52
750,2,0.0,1.0,77,Leblon,1400000,18181.82
1320,2,1.0,1.0,80,Leblon,1940000,24250.0
500,2,1.0,1.0,85,Leblon,3500000,41176.47
1300,2,1.0,1.0,104,Leblon,2500000,24038.46
1070,2,1.0,1.0,72,Leblon,920000,12777.78
900,2,1.0,1.0,134,Leblon,2200000,16417.91
650,2,1.0,1.0,70,Leblon,700000,10000.0
1300,2,1.0,1.0,66,Leblon,1365000,20681.82
1050,2,1.0,1.0,70,Leblon,1290000,18428.57
1100,2,1.0,1.0,68,Leblon,950000,13970.59
1200,2,1.0,1.0,73,Leblon,1400000,19178.08
800,2,1.0,1.0,81,Leblon,1650000,20370.37
660,2,1.0,1.0,85,Leblon,1300000,15294.12
4400,3,3.0,4.0,330,Leblon,8250000,25000.0
1659,3,3.0,1.0,110,Leblon,2350000,21363.64
500,3,2.0,1.0,90,Leblon,1350000,15000.0
1700,3,1.0,1.0,123,Leblon,1990000,16178.86
1200,3,1.0,1.0,120,Leblon,1700000,14166.67
2800,3,2.0,2.0,160,Leblon,6800000,42500.0
1350,3,1.0,1.0,96,Leblon,2300000,23958.33
800,3,1.0,1.0,100,Leblon,1700000,17000.0
750,3,1.0,1.0,100,Leblon,1200000,12000.0
2280,3,1.0,2.0,140,Leblon,2500000,17857.14
2250,3,2.0,2.0,115,Leblon,2600000,22608.7
1288,3,1.0,1.0,100,Leblon,2100000,21000.0
2520,3,1.0,1.0,130,Leblon,2250000,17307.69
1350,3,1.0,1.0,96,Leblon,2420000,25208.33
3080,3,1.0,2.0,156,Leblon,3400000,21794.87
1100,3,1.0,1.0,190,Leblon,3300000,17368.42
1100,3,3.0,4.0,110,Leblon,1199000,10900.0
3200,3,1.0,2.0,145,Leblon,5990000,41310.34
4000,3,1.0,2.0,160,Leblon,5900000,36875.0
1190,3,1.0,1.0,110,Leblon,2500000,22727.27
1400,3,2.0,1.0,110,Leblon,2100000,19090.91
1042,3,1.0,1.0,87,Leblon,1200000,13793.1
1000,3,1.0,1.0,90,Leblon,1700000,18888.89
1300,3,1.0,1.0,90,Leblon,2350000,26111.11
1800,3,1.0,2.0,120,Leblon,3000000,25000.0
1800,3,1.0,1.0,110,Leblon,1980000,18000.0
2050,3,1.0,2.0,150,Leblon,4750000,31666.67
900,3,1.0,2.0,135,Leblon,2650000,19629.63
1550,3,1.0,1.0,110,Leblon,1790000,16272.73
1124,3,1.0,1.0,145,Leblon,2490000,17172.41
1200,3,1.0,1.0,88,Leblon,1550000,17613.64
2600,3,1.0,1.0,115,Leblon,2400000,20869.57
2300,3,1.0,2.0,100,Leblon,3200000,32000.0
2000,3,1.0,1.0,150,Leblon,4200000,28000.0
1270,3,1.0,2.0,107,Leblon,1850000,17289.72
1500,3,1.0,1.0,130,Leblon,2300000,17692.31
1110,3,2.0,1.0,85,Leblon,1620000,19058.82
951,3,1.0,1.0,100,Leblon,1800000,18000.0
1500,3,1.0,2.0,120,Leblon,2900000,24166.67
1127,3,1.0,1.0,100,Leblon,1950000,19500.0
598,1,1.0,1.0,56,Tijuca,450000,8035.71
681,1,1.0,1.0,48,Tijuca,435000,9062.5
395,1,1.0,1.0,52,Tijuca,369000,7096.15
330,1,1.0,1.0,38,Tijuca,389999,10263.13
120,1,1.0,1.0,45,Tijuca,290000,6444.44
264,1,1.0,1.0,35,Tijuca,380000,10857.14
520,1,1.0,1.0,60,Tijuca,419000,6983.33
806,1,1.0,1.0,63,Tijuca,290000,4603.17
500,1,1.0,1.0,46,Tijuca,365000,7934.78
489,1,1.0,1.0,44,Tijuca,400000,9090.91
620,1,1.0,1.0,61,Tijuca,380000,6229.51
520,1,1.0,1.0,50,Tijuca,329000,6580.0
600,1,1.0,1.0,88,Tijuca,445000,5056.82
650,1,1.0,1.0,60,Tijuca,460000,7666.67
655,1,1.0,1.0,50,Tijuca,400000,8000.0
360,1,1.0,1.0,30,Tijuca,370000,12333.33
266,1,1.0,1.0,57,Tijuca,340000,5964.91
700,1,1.0,1.0,45,Tijuca,340000,7555.56
600,1,1.0,1.0,50,Tijuca,360000,7200.0
450,1,1.0,1.0,40,Tijuca,339000,8475.0
120,1,1.0,1.0,50,Tijuca,300000,6000.0
500,1,0.0,0.0,54,Tijuca,365000,6759.26
380,1,1.0,1.0,58,Tijuca,394999,6810.33
495,1,1.0,1.0,89,Tijuca,494999,5561.79
420,1,1.0,1.0,50,Tijuca,340000,6800.0
500,1,1.0,1.0,38,Tijuca,249999,6578.92
300,1,1.0,1.0,41,Tijuca,320000,7804.88
430,1,1.0,1.0,30,Tijuca,220000,7333.33
715,1,0.0,1.0,64,Tijuca,370000,5781.25
480,1,1.0,1.0,48,Tijuca,340000,7083.33
760,2,1.0,1.0,80,Tijuca,445000,5562.5
645,2,1.0,1.0,74,Tijuca,540000,7297.3
190,2,1.0,1.0,63,Tijuca,400000,6349.21
800,2,1.0,1.0,72,Tijuca,595000,8263.89
750,2,1.0,1.0,63,Tijuca,670000,10634.92
600,2,1.0,1.0,76,Tijuca,390000,5131.58
770,2,2.0,1.0,82,Tijuca,515000,6280.49
350,2,1.0,1.0,77,Tijuca,480000,6233.77
300,2,1.0,1.0,56,Tijuca,320000,5714.29
620,2,2.0,1.0,74,Tijuca,446000,6027.03
600,2,1.0,1.0,75,Tijuca,539000,7186.67
785,2,1.0,1.0,85,Tijuca,550000,6470.59
850,2,1.0,1.0,75,Tijuca,455000,6066.67
540,2,1.0,1.0,78,Tijuca,490000,6282.05
744,2,1.0,1.0,84,Tijuca,600000,7142.86
270,2,1.0,1.0,68,Tijuca,400000,5882.35
900,2,1.0,1.0,70,Tijuca,330000,4714.29
300,2,1.0,1.0,70,Tijuca,319000,4557.14
720,2,2.0,1.0,64,Tijuca,479000,7484.38
813,2,1.0,1.0,71,Tijuca,530000,7464.79
885,2,1.0,1.0,78,Tijuca,580000,7435.9
840,2,1.0,1.0,76,Tijuca,780000,10263.16
480,2,1.0,1.0,80,Tijuca,630000,7875.0
720,2,1.0,0.0,75,Tijuca,440000,5866.67
475,2,1.0,1.0,84,Tijuca,630000,7500.0
1100,2,1.0,1.0,98,Tijuca,730000,7448.98
430,2,1.0,1.0,70,Tijuca,440000,6285.71
714,2,1.0,1.0,75,Tijuca,560000,7466.67
750,2,1.0,1.0,70,Tijuca,530000,7571.43
635,2,1.0,1.0,65,Tijuca,420000,6461.54
150,2,2.0,1.0,70,Tijuca,300000,4285.71
530,2,1.0,1.0,82,Tijuca,350000,4268.29
281,2,1.0,1.0,72,Tijuca,430000,5972.22
380,2,1.0,1.0,63,Tijuca,275000,4365.08
380,2,1.0,1.0,70,Tijuca,450000,6428.57
835,2,1.0,1.0,76,Tijuca,670000,8815.79
750,2,1.0,1.0,75,Tijuca,620000,8266.67
825,2,1.0,1.0,90,Tijuca,750000,8333.33
1200,2,1.0,1.0,70,Tijuca,700000,10000.0
500,2,1.0,1.0,65,Tijuca,440000,6769.23
621,2,1.0,1.0,90,Tijuca,530000,5888.89
712,2,1.0,1.0,75,Tijuca,630000,8400.0
810,2,2.0,1.0,95,Tijuca,490000,5157.89
600,3,1.0,1.0,80,Tijuca,650000,8125.0
1100,3,1.0,1.0,134,Tijuca,695000,5186.57
610,3,1.0,1.0,90,Tijuca,670000,7444.44
1050,3,1.0,1.0,93,Tijuca,800000,8602.15
840,3,1.0,1.0,110,Tijuca,760000,6909.09
890,3,1.0,2.0,139,Tijuca,1100000,7913.67
1300,3,2.0,2.0,108,Tijuca,400000,3703.7
400,3,0.0,1.0,80,Tijuca,490000,6125.0
1100,3,1.0,2.0,132,Tijuca,1300000,9848.48
300,3,2.0,2.0,90,Tijuca,380000,4222.22
835,3,1.0,1.0,100,Tijuca,660000,6600.0
550,3,1.0,1.0,96,Tijuca,530000,5520.83
1500,3,1.0,2.0,170,Tijuca,945000,5558.82
950,3,1.0,1.0,126,Tijuca,590000,4682.54
1350,3,1.0,2.0,160,Tijuca,1150000,7187.5
190,3,1.0,1.0,80,Tijuca,510000,6375.0
630,3,2.0,2.0,80,Tijuca,370000,4625.0
600,3,1.0,1.0,99,Tijuca,780000,7878.79
780,3,1.0,1.0,120,Tijuca,780000,6500.0
1068,3,1.0,1.0,95,Tijuca,795000,8368.42
900,3,1.0,1.0,92,Tijuca,680000,7391.3
480,3,1.0,3.0,142,Tijuca,600000,4225.35
588,3,1.0,1.0,98,Tijuca,1100000,11224.49
210,3,1.0,1.0,95,Tijuca,440000,4631.58
1370,3,1.0,2.0,130,Tijuca,1050000,8076.92
500,3,1.0,1.0,102,Tijuca,955000,9362.75
670,3,2.0,1.0,139,Tijuca,878000,6316.55
730,3,0.0,1.0,90,Tijuca,550000,6111.11
1000,3,1.0,2.0,125,Tijuca,825000,6600.0
1050,3,1.0,2.0,95,Tijuca,899000,9463.16
1100,3,1.0,2.0,110,Tijuca,850000,7727.27
850,3,1.0,2.0,118,Tijuca,850000,7203.39
1100,3,1.0,1.0,110,Tijuca,750000,6818.18
950,3,1.0,1.0,105,Tijuca,730000,6952.38
970,3,1.0,1.0,110,Tijuca,650000,5909.09
1336,3,2.0,1.0,120,Tijuca,850000,7083.33
900,3,1.0,1.0,90,Tijuca,860000,9555.56
880,3,1.0,1.0,100,Tijuca,800000,8000.0
870,3,1.0,1.0,100,Tijuca,580000,5800.0
400,3,1.0,1.0,92,Tijuca,480000,5217.39
686,3,0.0,1.0,105,Tijuca,490000,4666.67
450,3,1.0,1.0,72,Tijuca,435000,6041.67
1080,3,1.0,1.0,80,Tijuca,680000,8500.0
750,3,0.0,1.0,82,Tijuca,650000,7926.83
700,3,1.0,1.0,100,Tijuca,629900,6299.0
1850,3,1.0,2.0,166,Tijuca,1600000,9638.55
800,3,1.0,1.0,107,Tijuca,540000,5046.73